CourseID,Credit,CRN,Department,Start_Date
PHIL491,4,10000,PHIL,3.22
ASTR274,4,10001,ASTR,1.16
PHIL432,2,10002,PHIL,1.16
BIO464,2,10003,BIO,1.16
ECON212,2,10004,ECON,1.16
ART390,3,10005,ART,3.22
MUS354,3,10006,MUS,3.22
ECON173,4,10007,ECON,3.22
PHIL282,3,10008,PHIL,3.22
HIST405,3,10009,HIST,3.22
MATH400,2,10010,MATH,3.22
STAT411,2,10011,STAT,1.16
PHIL521,3,10012,PHIL,3.22
MATH364,3,10013,MATH,1.16
PHYS467,3,10014,PHYS,1.16
ENG304,2,10015,ENG,1.16
ART648,3,10016,ART,1.16
ECE262,2,10017,ECE,3.22
STAT123,3,10018,STAT,3.22
HIST665,3,10019,HIST,1.16
PHYS659,2,10020,PHYS,1.16
PHIL234,4,10021,PHIL,3.22
CHEM501,3,10022,CHEM,3.22
ECE339,3,10023,ECE,1.16
STAT540,4,10024,STAT,1.16
MUS627,3,10025,MUS,1.16
CHEM530,4,10026,CHEM,1.16
BIO251,4,10027,BIO,1.16
ECON618,4,10028,ECON,3.22
MATH619,4,10029,MATH,3.22
HIST124,3,10030,HIST,3.22
CHEM386,4,10031,CHEM,1.16
ENG685,4,10032,ENG,1.16
MATH367,2,10033,MATH,3.22
HIST361,2,10034,HIST,1.16
ECE595,4,10035,ECE,3.22
HIST521,4,10036,HIST,1.16
PHIL416,3,10037,PHIL,3.22
ECE328,3,10038,ECE,1.16
MATH611,2,10039,MATH,1.16
PSY680,3,10040,PSY,3.22
STAT266,3,10041,STAT,3.22
PHYS270,3,10042,PHYS,1.16
ASTR464,3,10043,ASTR,3.22
ENG646,2,10044,ENG,3.22
ENG421,3,10045,ENG,3.22
PHIL629,3,10046,PHIL,1.16
CSCE452,3,10047,CSCE,1.16
MUS624,4,10048,MUS,1.16
ASTR366,4,10049,ASTR,3.22
PHIL155,3,10050,PHIL,1.16
ENG152,3,10051,ENG,1.16
BIO450,4,10052,BIO,1.16
CSCE571,2,10053,CSCE,1.16
ECON249,4,10054,ECON,1.16
MUS500,2,10055,MUS,3.22
PHIL689,4,10056,PHIL,3.22
PHIL593,4,10057,PHIL,1.16
CSCE669,2,10058,CSCE,3.22
ENG521,3,10059,ENG,1.16
ECE609,4,10060,ECE,3.22
CSCE146,2,10061,CSCE,3.22
ASTR237,2,10062,ASTR,3.22
HIST575,4,10063,HIST,1.16
PHYS690,3,10064,PHYS,3.22
MUS307,3,10065,MUS,1.16
CHEM431,3,10066,CHEM,3.22
ASTR119,2,10067,ASTR,1.16
ECON378,3,10068,ECON,1.16
CSCE213,4,10069,CSCE,3.22
PSY571,3,10070,PSY,1.16
ECE494,4,10071,ECE,3.22
STAT650,3,10072,STAT,1.16
ECE495,3,10073,ECE,3.22
MUS634,4,10074,MUS,1.16
PSY546,2,10075,PSY,1.16
BIO527,3,10076,BIO,1.16
ECE312,4,10077,ECE,3.22
PHYS207,4,10078,PHYS,1.16
PHIL532,3,10079,PHIL,3.22
HIST254,2,10080,HIST,1.16
PHIL438,4,10081,PHIL,3.22
STAT464,2,10082,STAT,1.16
BIO196,4,10083,BIO,3.22
BIO596,2,10084,BIO,3.22
STAT519,3,10085,STAT,1.16
ART269,3,10086,ART,3.22
ECON326,3,10087,ECON,1.16
PHYS354,4,10088,PHYS,3.22
ART530,2,10089,ART,1.16
ECE492,2,10090,ECE,3.22
ENG229,3,10091,ENG,1.16
ECE337,2,10092,ECE,1.16
ECE245,3,10093,ECE,1.16
PHYS517,4,10094,PHYS,1.16
HIST188,3,10095,HIST,3.22
ASTR491,3,10096,ASTR,1.16
MUS666,3,10097,MUS,3.22
MATH630,4,10098,MATH,3.22
MATH449,3,10099,MATH,3.22
ENG671,2,10100,ENG,3.22
CHEM278,2,10101,CHEM,3.22
BIO452,2,10102,BIO,1.16
HIST261,2,10103,HIST,3.22
HIST685,2,10104,HIST,3.22
STAT453,2,10105,STAT,3.22
ENG189,2,10106,ENG,3.22
MATH272,4,10107,MATH,1.16
ECON396,3,10108,ECON,1.16
PHIL624,2,10109,PHIL,1.16
STAT184,3,10110,STAT,1.16
ENG608,4,10111,ENG,1.16
HIST487,3,10112,HIST,3.22
ECON101,3,10113,ECON,3.22
BIO441,3,10114,BIO,1.16
ECON698,4,10115,ECON,3.22
PSY282,3,10116,PSY,1.16
PSY686,3,10117,PSY,3.22
BIO498,2,10118,BIO,3.22
PSY592,4,10119,PSY,1.16
ART509,3,10120,ART,3.22
HIST127,2,10121,HIST,3.22
ASTR471,4,10122,ASTR,1.16
HIST613,4,10123,HIST,1.16
PSY398,3,10124,PSY,3.22
CSCE566,3,10125,CSCE,1.16
PSY373,3,10126,PSY,3.22
ART445,3,10127,ART,1.16
BIO387,3,10128,BIO,3.22
BIO407,4,10129,BIO,1.16
ENG352,2,10130,ENG,1.16
ECE310,3,10131,ECE,1.16
ART219,4,10132,ART,1.16
ECE206,3,10133,ECE,3.22
CHEM178,2,10134,CHEM,3.22
PSY545,2,10135,PSY,3.22
PHIL343,3,10136,PHIL,3.22
PHIL119,2,10137,PHIL,3.22
PHIL129,2,10138,PHIL,3.22
CSCE357,2,10139,CSCE,3.22
ART265,3,10140,ART,1.16
ART565,4,10141,ART,1.16
CSCE507,3,10142,CSCE,1.16
ENG212,4,10143,ENG,3.22
PSY193,4,10144,PSY,1.16
ECE681,3,10145,ECE,3.22
MUS535,2,10146,MUS,1.16
HIST149,3,10147,HIST,1.16
BIO273,4,10148,BIO,3.22
ECON525,3,10149,ECON,1.16
MATH586,3,10150,MATH,1.16
BIO328,2,10151,BIO,1.16
ECON553,3,10152,ECON,3.22
BIO293,4,10153,BIO,3.22
BIO105,4,10154,BIO,1.16
PHIL595,3,10155,PHIL,3.22
STAT332,2,10156,STAT,1.16
BIO404,2,10157,BIO,3.22
ECON689,4,10158,ECON,3.22
PSY200,2,10159,PSY,1.16
CSCE405,3,10160,CSCE,3.22
ECE604,2,10161,ECE,1.16
CSCE264,4,10162,CSCE,1.16
ART664,4,10163,ART,3.22
ENG517,2,10164,ENG,1.16
ECE400,2,10165,ECE,3.22
STAT558,4,10166,STAT,3.22
ECON340,3,10167,ECON,1.16
MUS279,3,10168,MUS,1.16
STAT353,3,10169,STAT,1.16
PSY238,2,10170,PSY,3.22
STAT312,3,10171,STAT,3.22
ART252,3,10172,ART,3.22
ASTR339,2,10173,ASTR,1.16
ECON362,3,10174,ECON,3.22
ECON331,4,10175,ECON,3.22
CSCE336,3,10176,CSCE,3.22
HIST567,2,10177,HIST,3.22
CHEM125,3,10178,CHEM,3.22
PHIL424,3,10179,PHIL,1.16
BIO408,3,10180,BIO,1.16
ENG148,4,10181,ENG,1.16
PSY372,2,10182,PSY,3.22
BIO153,3,10183,BIO,1.16
PHYS468,3,10184,PHYS,1.16
ASTR136,4,10185,ASTR,3.22
ECE248,2,10186,ECE,3.22
ART268,4,10187,ART,3.22
ART180,3,10188,ART,1.16
CSCE270,2,10189,CSCE,3.22
HIST240,4,10190,HIST,1.16
STAT479,2,10191,STAT,1.16
HIST323,2,10192,HIST,1.16
STAT583,3,10193,STAT,3.22
ART544,4,10194,ART,3.22
ECE105,3,10195,ECE,3.22
ENG140,2,10196,ENG,1.16
MATH193,4,10197,MATH,3.22
MATH423,4,10198,MATH,3.22
ECE632,2,10199,ECE,1.16
MUS563,4,10200,MUS,1.16
MATH393,3,10201,MATH,1.16
PSY522,3,10202,PSY,1.16
ASTR302,4,10203,ASTR,1.16
HIST577,3,10204,HIST,3.22
PHIL631,4,10205,PHIL,1.16
HIST341,3,10206,HIST,1.16
PSY344,3,10207,PSY,3.22
MUS496,2,10208,MUS,1.16
ART681,4,10209,ART,3.22
ECON312,3,10210,ECON,1.16
CHEM145,2,10211,CHEM,3.22
BIO228,3,10212,BIO,1.16
PSY246,4,10213,PSY,3.22
BIO448,2,10214,BIO,1.16
ECON465,4,10215,ECON,1.16
PHIL585,2,10216,PHIL,3.22
PHYS650,2,10217,PHYS,3.22
HIST431,4,10218,HIST,1.16
HIST589,4,10219,HIST,3.22
ECE374,3,10220,ECE,1.16
STAT526,3,10221,STAT,1.16
PHYS242,3,10222,PHYS,3.22
HIST267,3,10223,HIST,3.22
PHIL214,4,10224,PHIL,3.22
ECON202,3,10225,ECON,1.16
ART161,3,10226,ART,3.22
BIO415,2,10227,BIO,3.22
BIO102,2,10228,BIO,1.16
CSCE575,3,10229,CSCE,3.22
BIO428,3,10230,BIO,1.16
CSCE379,4,10231,CSCE,1.16
CSCE382,4,10232,CSCE,3.22
ECON451,4,10233,ECON,1.16
ASTR135,3,10234,ASTR,3.22
PHIL599,3,10235,PHIL,1.16
ECON290,3,10236,ECON,3.22
MATH134,2,10237,MATH,1.16
MUS258,4,10238,MUS,1.16
CSCE305,4,10239,CSCE,1.16
MATH666,3,10240,MATH,1.16
ECON588,3,10241,ECON,3.22
BIO198,4,10242,BIO,1.16
ECON218,3,10243,ECON,1.16
ART535,4,10244,ART,1.16
CHEM468,4,10245,CHEM,3.22
STAT297,2,10246,STAT,1.16
ART578,4,10247,ART,1.16
PHIL555,4,10248,PHIL,1.16
ENG200,3,10249,ENG,3.22
ECON102,3,10250,ECON,3.22
ECON666,3,10251,ECON,1.16
ART239,3,10252,ART,1.16
ART259,4,10253,ART,3.22
ASTR489,3,10254,ASTR,3.22
PHYS144,3,10255,PHYS,1.16
PHYS428,3,10256,PHYS,3.22
MATH418,3,10257,MATH,1.16
ECON597,2,10258,ECON,3.22
ASTR594,4,10259,ASTR,1.16
PHYS154,2,10260,PHYS,1.16
PSY460,4,10261,PSY,3.22
PHIL126,2,10262,PHIL,3.22
CSCE552,3,10263,CSCE,1.16
ART360,2,10264,ART,1.16
MATH145,2,10265,MATH,3.22
MUS465,4,10266,MUS,1.16
ECON121,4,10267,ECON,1.16
HIST322,4,10268,HIST,1.16
ECE266,3,10269,ECE,1.16
ENG388,3,10270,ENG,3.22
ASTR685,3,10271,ASTR,3.22
HIST137,3,10272,HIST,1.16
ASTR311,3,10273,ASTR,3.22
BIO366,2,10274,BIO,3.22
PHIL680,2,10275,PHIL,3.22
PSY300,3,10276,PSY,3.22
MUS633,2,10277,MUS,1.16
HIST273,2,10278,HIST,1.16
ART491,2,10279,ART,1.16
CSCE648,3,10280,CSCE,3.22
ART337,4,10281,ART,3.22
ENG667,4,10282,ENG,1.16
CHEM486,2,10283,CHEM,1.16
PHYS670,3,10284,PHYS,3.22
HIST637,2,10285,HIST,3.22
ART366,3,10286,ART,3.22
ECON447,3,10287,ECON,3.22
ECON670,2,10288,ECON,1.16
ECON248,4,10289,ECON,3.22
CSCE252,2,10290,CSCE,1.16
STAT396,4,10291,STAT,1.16
ECE662,3,10292,ECE,3.22
ECE178,2,10293,ECE,1.16
PHIL285,3,10294,PHIL,3.22
ART685,4,10295,ART,3.22
PHYS160,2,10296,PHYS,1.16
ENG669,3,10297,ENG,3.22
STAT324,3,10298,STAT,1.16
PHYS680,2,10299,PHYS,1.16
CSCE609,3,10300,CSCE,1.16
PHYS375,2,10301,PHYS,1.16
BIO122,3,10302,BIO,3.22
PHIL179,4,10303,PHIL,3.22
BIO327,3,10304,BIO,1.16
ASTR515,2,10305,ASTR,1.16
PSY102,4,10306,PSY,3.22
ASTR647,3,10307,ASTR,3.22
ART680,4,10308,ART,1.16
PHIL510,3,10309,PHIL,1.16
BIO235,3,10310,BIO,1.16
PHIL333,4,10311,PHIL,3.22
ENG351,3,10312,ENG,3.22
CSCE682,4,10313,CSCE,3.22
ECE261,2,10314,ECE,3.22
ECON244,3,10315,ECON,3.22
ENG117,3,10316,ENG,3.22
STAT147,3,10317,STAT,3.22
MUS513,3,10318,MUS,3.22
ASTR202,4,10319,ASTR,3.22
MUS368,2,10320,MUS,1.16
PHYS699,4,10321,PHYS,1.16
ART489,2,10322,ART,1.16
PHIL139,2,10323,PHIL,1.16
CSCE685,2,10324,CSCE,3.22
ART436,3,10325,ART,1.16
CHEM322,2,10326,CHEM,1.16
CHEM502,4,10327,CHEM,1.16
STAT171,3,10328,STAT,1.16
ECE325,2,10329,ECE,3.22
MUS562,4,10330,MUS,3.22
MATH102,4,10331,MATH,3.22
HIST646,3,10332,HIST,3.22
PHYS167,3,10333,PHYS,1.16
CSCE603,4,10334,CSCE,1.16
PSY573,4,10335,PSY,1.16
ECON278,4,10336,ECON,3.22
ENG553,2,10337,ENG,1.16
CHEM148,2,10338,CHEM,1.16
ASTR422,4,10339,ASTR,1.16
BIO344,2,10340,BIO,1.16
BIO137,2,10341,BIO,3.22
PHIL303,4,10342,PHIL,1.16
ECON122,3,10343,ECON,1.16
ASTR563,4,10344,ASTR,3.22
CHEM649,2,10345,CHEM,3.22
BIO207,2,10346,BIO,1.16
MUS101,4,10347,MUS,1.16
ASTR681,4,10348,ASTR,3.22
MATH149,3,10349,MATH,3.22
BIO409,4,10350,BIO,3.22
MATH176,4,10351,MATH,1.16
MATH488,2,10352,MATH,1.16
ASTR480,4,10353,ASTR,3.22
HIST669,2,10354,HIST,1.16
PHIL583,3,10355,PHIL,1.16
MUS455,4,10356,MUS,1.16
ART139,2,10357,ART,1.16
PSY208,3,10358,PSY,1.16
BIO494,4,10359,BIO,3.22
MUS305,4,10360,MUS,3.22
HIST647,4,10361,HIST,3.22
CHEM271,3,10362,CHEM,1.16
MUS686,4,10363,MUS,1.16
MUS400,2,10364,MUS,3.22
ASTR179,3,10365,ASTR,1.16
ART261,3,10366,ART,1.16
ENG470,3,10367,ENG,1.16
MATH235,4,10368,MATH,3.22
CSCE534,2,10369,CSCE,3.22
STAT115,3,10370,STAT,3.22
CHEM391,3,10371,CHEM,3.22
BIO613,3,10372,BIO,3.22
PSY319,4,10373,PSY,3.22
STAT349,2,10374,STAT,3.22
MUS669,3,10375,MUS,1.16
STAT219,2,10376,STAT,3.22
PHIL452,2,10377,PHIL,1.16
HIST170,4,10378,HIST,3.22
ENG497,3,10379,ENG,1.16
HIST148,2,10380,HIST,3.22
MATH455,4,10381,MATH,1.16
ECE300,4,10382,ECE,1.16
MUS658,4,10383,MUS,1.16
ECON347,2,10384,ECON,3.22
ECE619,2,10385,ECE,3.22
ECON463,3,10386,ECON,1.16
ECON231,2,10387,ECON,1.16
CHEM205,4,10388,CHEM,1.16
PSY174,4,10389,PSY,3.22
CHEM535,4,10390,CHEM,3.22
MATH675,4,10391,MATH,1.16
PSY326,4,10392,PSY,1.16
CSCE387,3,10393,CSCE,1.16
STAT188,4,10394,STAT,1.16
ECE685,3,10395,ECE,1.16
ECE659,3,10396,ECE,1.16
PHYS129,4,10397,PHYS,1.16
STAT596,4,10398,STAT,1.16
BIO630,4,10399,BIO,1.16
STAT468,2,10400,STAT,3.22
ECE214,3,10401,ECE,1.16
PHYS418,4,10402,PHYS,1.16
ENG548,3,10403,ENG,1.16
ECE417,4,10404,ECE,1.16
BIO628,2,10405,BIO,1.16
ENG151,4,10406,ENG,1.16
STAT653,3,10407,STAT,3.22
HIST374,4,10408,HIST,3.22
BIO586,4,10409,BIO,3.22
ART402,2,10410,ART,3.22
STAT452,3,10411,STAT,1.16
ART406,3,10412,ART,3.22
CSCE267,2,10413,CSCE,3.22
HIST168,4,10414,HIST,1.16
HIST562,4,10415,HIST,3.22
HIST185,4,10416,HIST,3.22
HIST588,3,10417,HIST,3.22
BIO459,2,10418,BIO,1.16
BIO384,3,10419,BIO,1.16
BIO451,3,10420,BIO,1.16
ECE614,4,10421,ECE,1.16
PHIL591,2,10422,PHIL,1.16
BIO698,2,10423,BIO,3.22
ECON389,3,10424,ECON,1.16
PSY196,2,10425,PSY,1.16
ART176,3,10426,ART,3.22
MATH419,4,10427,MATH,1.16
MATH374,2,10428,MATH,1.16
ECE504,3,10429,ECE,1.16
ASTR294,2,10430,ASTR,3.22
ART531,2,10431,ART,1.16
ECE589,3,10432,ECE,1.16
ASTR104,3,10433,ASTR,1.16
ASTR256,4,10434,ASTR,3.22
ECON226,4,10435,ECON,3.22
CHEM598,2,10436,CHEM,3.22
CHEM563,3,10437,CHEM,3.22
ECE535,2,10438,ECE,3.22
PSY479,2,10439,PSY,1.16
MATH124,3,10440,MATH,3.22
HIST367,2,10441,HIST,1.16
ART191,3,10442,ART,1.16
ECE652,2,10443,ECE,3.22
STAT157,4,10444,STAT,1.16
ASTR617,4,10445,ASTR,1.16
ASTR289,4,10446,ASTR,3.22
STAT131,4,10447,STAT,1.16
ECE527,3,10448,ECE,3.22
ART189,4,10449,ART,3.22
ART361,4,10450,ART,1.16
STAT102,2,10451,STAT,1.16
PHYS326,3,10452,PHYS,1.16
MUS295,3,10453,MUS,3.22
STAT167,3,10454,STAT,1.16
ECON694,4,10455,ECON,3.22
MUS242,2,10456,MUS,3.22
ECON561,4,10457,ECON,3.22
ENG507,2,10458,ENG,3.22
MATH383,2,10459,MATH,1.16
BIO568,2,10460,BIO,1.16
ASTR231,4,10461,ASTR,3.22
PSY117,3,10462,PSY,3.22
ECE307,4,10463,ECE,3.22
MATH627,3,10464,MATH,3.22
MUS612,2,10465,MUS,1.16
CHEM611,2,10466,CHEM,3.22
CSCE372,4,10467,CSCE,1.16
HIST376,3,10468,HIST,3.22
HIST145,3,10469,HIST,3.22
MUS341,3,10470,MUS,3.22
BIO685,4,10471,BIO,3.22
ECON579,3,10472,ECON,1.16
ECON114,3,10473,ECON,1.16
MATH444,4,10474,MATH,1.16
MUS456,4,10475,MUS,1.16
ENG413,3,10476,ENG,1.16
MATH328,3,10477,MATH,3.22
HIST243,4,10478,HIST,3.22
ASTR530,2,10479,ASTR,1.16
HIST276,3,10480,HIST,1.16
MUS697,2,10481,MUS,1.16
ECON195,2,10482,ECON,1.16
MATH246,4,10483,MATH,3.22
CHEM526,4,10484,CHEM,3.22
BIO294,4,10485,BIO,3.22
MATH130,2,10486,MATH,3.22
PHIL338,4,10487,PHIL,1.16
STAT549,2,10488,STAT,3.22
MATH342,2,10489,MATH,1.16
CHEM631,2,10490,CHEM,3.22
HIST294,3,10491,HIST,1.16
PHYS178,3,10492,PHYS,3.22
ART266,3,10493,ART,3.22
ART158,3,10494,ART,3.22
BIO288,3,10495,BIO,1.16
ENG601,2,10496,ENG,3.22
CHEM201,3,10497,CHEM,1.16
ECON296,4,10498,ECON,1.16
MUS581,4,10499,MUS,1.16
PHYS656,4,10500,PHYS,1.16
ASTR233,4,10501,ASTR,1.16
MUS425,2,10502,MUS,3.22
MUS384,2,10503,MUS,1.16
MUS426,4,10504,MUS,1.16
STAT291,4,10505,STAT,1.16
ECON150,4,10506,ECON,1.16
CSCE400,3,10507,CSCE,1.16
ECE441,2,10508,ECE,3.22
MATH596,4,10509,MATH,3.22
PHIL413,4,10510,PHIL,1.16
MATH454,2,10511,MATH,1.16
PHYS357,2,10512,PHYS,3.22
PHIL514,4,10513,PHIL,3.22
MATH679,2,10514,MATH,3.22
HIST653,3,10515,HIST,1.16
BIO602,2,10516,BIO,3.22
ENG192,2,10517,ENG,1.16
CSCE597,3,10518,CSCE,1.16
ECON210,2,10519,ECON,3.22
PHYS252,2,10520,PHYS,3.22
ECE255,4,10521,ECE,1.16
ECE498,2,10522,ECE,3.22
CHEM374,4,10523,CHEM,1.16
MUS129,4,10524,MUS,1.16
PHYS174,3,10525,PHYS,1.16
PHIL579,4,10526,PHIL,1.16
ENG320,4,10527,ENG,1.16
BIO548,3,10528,BIO,1.16
ASTR150,3,10529,ASTR,1.16
HIST515,3,10530,HIST,1.16
BIO495,2,10531,BIO,1.16
HIST501,4,10532,HIST,3.22
HIST550,3,10533,HIST,3.22
MATH392,2,10534,MATH,1.16
ECON416,2,10535,ECON,1.16
BIO468,3,10536,BIO,1.16
ASTR462,2,10537,ASTR,1.16
CSCE298,2,10538,CSCE,3.22
PSY255,3,10539,PSY,3.22
CHEM199,2,10540,CHEM,3.22
CSCE149,4,10541,CSCE,3.22
STAT325,3,10542,STAT,3.22
MATH625,2,10543,MATH,1.16
PHYS202,2,10544,PHYS,1.16
BIO161,4,10545,BIO,1.16
HIST421,4,10546,HIST,1.16
BIO250,2,10547,BIO,1.16
PHYS482,4,10548,PHYS,1.16
MUS596,4,10549,MUS,1.16
PSY251,3,10550,PSY,1.16
STAT397,4,10551,STAT,1.16
ASTR432,4,10552,ASTR,3.22
HIST432,2,10553,HIST,3.22
ECE530,4,10554,ECE,3.22
PSY274,3,10555,PSY,1.16
MUS541,2,10556,MUS,1.16
MATH296,2,10557,MATH,3.22
CHEM647,2,10558,CHEM,1.16
ASTR553,3,10559,ASTR,3.22
ECON291,2,10560,ECON,3.22
MUS371,2,10561,MUS,1.16
MUS430,2,10562,MUS,3.22
HIST440,3,10563,HIST,3.22
PHYS150,4,10564,PHYS,3.22
ECE455,2,10565,ECE,1.16
PSY670,3,10566,PSY,3.22
ENG384,2,10567,ENG,3.22
ENG135,2,10568,ENG,3.22
CHEM188,2,10569,CHEM,1.16
ENG317,3,10570,ENG,3.22
MATH310,4,10571,MATH,1.16
ASTR448,4,10572,ASTR,3.22
MUS490,4,10573,MUS,3.22
CHEM400,4,10574,CHEM,1.16
MUS451,4,10575,MUS,3.22
PHIL345,3,10576,PHIL,3.22
ECON549,2,10577,ECON,3.22
HIST415,4,10578,HIST,1.16
PHIL371,2,10579,PHIL,3.22
ASTR322,3,10580,ASTR,1.16
CHEM204,2,10581,CHEM,1.16
ECE552,4,10582,ECE,3.22
BIO434,2,10583,BIO,1.16
MUS661,4,10584,MUS,3.22
PSY501,2,10585,PSY,3.22
MUS501,3,10586,MUS,1.16
PSY649,3,10587,PSY,3.22
ART498,4,10588,ART,3.22
BIO671,3,10589,BIO,3.22
BIO614,4,10590,BIO,1.16
PHIL354,4,10591,PHIL,1.16
MATH159,2,10592,MATH,1.16
PHYS358,4,10593,PHYS,1.16
ECE341,2,10594,ECE,1.16
PHYS607,2,10595,PHYS,1.16
STAT313,4,10596,STAT,1.16
MUS622,4,10597,MUS,1.16
HIST312,2,10598,HIST,3.22
MATH189,4,10599,MATH,3.22
ASTR550,3,10600,ASTR,1.16
ASTR276,2,10601,ASTR,3.22
ECON605,2,10602,ECON,1.16
PSY355,2,10603,PSY,1.16
MATH307,4,10604,MATH,1.16
ECE602,2,10605,ECE,1.16
MATH119,4,10606,MATH,3.22
MATH483,3,10607,MATH,1.16
ECE449,3,10608,ECE,3.22
ASTR131,4,10609,ASTR,3.22
BIO423,4,10610,BIO,1.16
CSCE689,3,10611,CSCE,1.16
STAT269,4,10612,STAT,1.16
PHIL369,2,10613,PHIL,1.16
PSY356,3,10614,PSY,3.22
PHYS391,2,10615,PHYS,3.22
CHEM479,4,10616,CHEM,1.16
MUS344,2,10617,MUS,1.16
ASTR327,2,10618,ASTR,1.16
ART581,2,10619,ART,1.16
ENG292,2,10620,ENG,1.16
CSCE512,3,10621,CSCE,1.16
MUS623,2,10622,MUS,1.16
ECE347,2,10623,ECE,1.16
ART137,2,10624,ART,3.22
CSCE643,2,10625,CSCE,1.16
HIST668,2,10626,HIST,3.22
ART626,2,10627,ART,3.22
BIO254,3,10628,BIO,1.16
CSCE491,3,10629,CSCE,3.22
PHYS595,2,10630,PHYS,3.22
ENG644,4,10631,ENG,3.22
ECON425,4,10632,ECON,1.16
BIO239,3,10633,BIO,1.16
ECE475,4,10634,ECE,1.16
ECE633,4,10635,ECE,3.22
BIO564,3,10636,BIO,3.22
PHIL352,3,10637,PHIL,3.22
MUS159,3,10638,MUS,3.22
ECE240,3,10639,ECE,3.22
STAT213,2,10640,STAT,3.22
ASTR343,3,10641,ASTR,1.16
HIST657,4,10642,HIST,1.16
ECON575,4,10643,ECON,3.22
ECON319,4,10644,ECON,3.22
CSCE132,2,10645,CSCE,3.22
ECON354,2,10646,ECON,3.22
STAT254,3,10647,STAT,3.22
ART391,4,10648,ART,3.22
PSY122,3,10649,PSY,1.16
ECON414,2,10650,ECON,1.16
ART241,2,10651,ART,1.16
PHIL647,2,10652,PHIL,1.16
PSY632,2,10653,PSY,1.16
ECON221,2,10654,ECON,3.22
CHEM406,2,10655,CHEM,1.16
STAT590,2,10656,STAT,1.16
PSY541,4,10657,PSY,1.16
ASTR630,4,10658,ASTR,1.16
STAT421,3,10659,STAT,1.16
STAT165,2,10660,STAT,3.22
MATH581,4,10661,MATH,1.16
PHYS566,2,10662,PHYS,1.16
CSCE607,4,10663,CSCE,1.16
ENG410,3,10664,ENG,1.16
MATH325,3,10665,MATH,3.22
CHEM434,3,10666,CHEM,3.22
ECON214,4,10667,ECON,3.22
PHIL272,4,10668,PHIL,1.16
ECON563,4,10669,ECON,3.22
CSCE422,4,10670,CSCE,3.22
MATH649,2,10671,MATH,3.22
ASTR650,2,10672,ASTR,3.22
PHIL240,4,10673,PHIL,1.16
STAT190,4,10674,STAT,3.22
PHYS602,3,10675,PHYS,3.22
MATH653,4,10676,MATH,3.22
ECE479,3,10677,ECE,3.22
CSCE233,3,10678,CSCE,1.16
MATH406,3,10679,MATH,1.16
ECON227,3,10680,ECON,1.16
ECON352,4,10681,ECON,3.22
MATH213,2,10682,MATH,1.16
HIST199,2,10683,HIST,3.22
PSY342,3,10684,PSY,3.22
PHIL615,2,10685,PHIL,1.16
MUS140,4,10686,MUS,1.16
PHYS454,2,10687,PHYS,1.16
CSCE345,3,10688,CSCE,3.22
PSY320,4,10689,PSY,1.16
CSCE108,2,10690,CSCE,3.22
PSY568,3,10691,PSY,1.16
MUS250,2,10692,MUS,3.22
MUS653,2,10693,MUS,3.22
PSY669,2,10694,PSY,1.16
HIST222,2,10695,HIST,1.16
MATH599,4,10696,MATH,3.22
ENG355,4,10697,ENG,3.22
CHEM569,2,10698,CHEM,3.22
STAT639,2,10699,STAT,1.16
CHEM546,4,10700,CHEM,1.16
PSY250,4,10701,PSY,1.16
PSY394,4,10702,PSY,1.16
BIO493,2,10703,BIO,1.16
PHYS403,2,10704,PHYS,3.22
BIO416,2,10705,BIO,1.16
PHYS628,3,10706,PHYS,3.22
STAT531,2,10707,STAT,1.16
CSCE462,2,10708,CSCE,3.22
ASTR344,3,10709,ASTR,1.16
CHEM684,3,10710,CHEM,3.22
PHIL286,3,10711,PHIL,1.16
CSCE613,3,10712,CSCE,3.22
MUS388,3,10713,MUS,3.22
PHYS285,3,10714,PHYS,3.22
CHEM607,3,10715,CHEM,3.22
MATH694,3,10716,MATH,1.16
ASTR333,4,10717,ASTR,1.16
BIO201,4,10718,BIO,1.16
BIO433,4,10719,BIO,3.22
ECON132,2,10720,ECON,1.16
ART387,3,10721,ART,3.22
ECE627,4,10722,ECE,1.16
ECE217,4,10723,ECE,3.22
PSY354,4,10724,PSY,1.16
MATH346,3,10725,MATH,3.22
PHYS305,3,10726,PHYS,3.22
MATH244,4,10727,MATH,3.22
CHEM394,4,10728,CHEM,1.16
ART172,2,10729,ART,1.16
STAT481,4,10730,STAT,1.16
MATH526,4,10731,MATH,3.22
MATH512,3,10732,MATH,3.22
MATH178,3,10733,MATH,1.16
MUS677,4,10734,MUS,3.22
ECON535,2,10735,ECON,3.22
ECE138,2,10736,ECE,1.16
ECE592,4,10737,ECE,1.16
CHEM273,4,10738,CHEM,1.16
CSCE315,4,10739,CSCE,3.22
MUS289,3,10740,MUS,1.16
HIST659,4,10741,HIST,1.16
ASTR430,4,10742,ASTR,3.22
MUS512,4,10743,MUS,1.16
ART428,3,10744,ART,3.22
ECE202,2,10745,ECE,1.16
ECON657,3,10746,ECON,1.16
STAT201,4,10747,STAT,3.22
HIST682,3,10748,HIST,3.22
MATH693,2,10749,MATH,1.16
MUS569,3,10750,MUS,1.16
BIO661,4,10751,BIO,3.22
MATH116,4,10752,MATH,1.16
STAT663,3,10753,STAT,3.22
PHIL205,3,10754,PHIL,3.22
ECON131,3,10755,ECON,1.16
HIST486,4,10756,HIST,3.22
MATH180,3,10757,MATH,1.16
PHIL515,3,10758,PHIL,3.22
STAT212,3,10759,STAT,3.22
ART476,4,10760,ART,1.16
CHEM103,3,10761,CHEM,3.22
PHYS421,2,10762,PHYS,1.16
BIO638,3,10763,BIO,3.22
BIO645,2,10764,BIO,3.22
ECE508,3,10765,ECE,1.16
BIO232,3,10766,BIO,3.22
PHIL567,2,10767,PHIL,3.22
MATH100,4,10768,MATH,3.22
ART166,2,10769,ART,3.22
ECE153,2,10770,ECE,3.22
MATH204,2,10771,MATH,1.16
ASTR696,4,10772,ASTR,3.22
STAT301,4,10773,STAT,3.22
CSCE159,4,10774,CSCE,1.16
PSY698,2,10775,PSY,3.22
PSY237,3,10776,PSY,3.22
CHEM107,3,10777,CHEM,3.22
BIO666,4,10778,BIO,3.22
HIST654,2,10779,HIST,1.16
STAT366,4,10780,STAT,1.16
ECON167,3,10781,ECON,3.22
ENG603,3,10782,ENG,3.22
MATH569,2,10783,MATH,3.22
ART559,4,10784,ART,3.22
MUS532,3,10785,MUS,1.16
PHIL604,3,10786,PHIL,3.22
MUS182,4,10787,MUS,1.16
PHIL655,2,10788,PHIL,1.16
CHEM311,2,10789,CHEM,3.22
CHEM300,3,10790,CHEM,3.22
BIO179,3,10791,BIO,1.16
PHYS485,3,10792,PHYS,3.22
CSCE292,4,10793,CSCE,1.16
ECE696,2,10794,ECE,1.16
PHYS221,4,10795,PHYS,1.16
CSCE260,3,10796,CSCE,1.16
MUS593,4,10797,MUS,1.16
ASTR463,3,10798,ASTR,3.22
ENG590,3,10799,ENG,3.22
ECE404,4,10800,ECE,3.22
BIO691,3,10801,BIO,1.16
ECON590,3,10802,ECON,3.22
ART212,4,10803,ART,1.16
MATH218,4,10804,MATH,3.22
PHYS536,3,10805,PHYS,1.16
PHIL196,2,10806,PHIL,1.16
ECE678,4,10807,ECE,3.22
ECON596,4,10808,ECON,3.22
PHIL608,2,10809,PHIL,3.22
ENG400,2,10810,ENG,1.16
ECON443,2,10811,ECON,1.16
BIO680,4,10812,BIO,3.22
CSCE275,4,10813,CSCE,3.22
MUS243,4,10814,MUS,1.16
PHYS395,2,10815,PHYS,1.16
MATH286,4,10816,MATH,1.16
ECON243,3,10817,ECON,1.16
CSCE121,2,10818,CSCE,1.16
PHYS373,3,10819,PHYS,3.22
BIO238,2,10820,BIO,3.22
HIST691,2,10821,HIST,1.16
STAT111,4,10822,STAT,1.16
PSY166,2,10823,PSY,3.22
CHEM575,4,10824,CHEM,3.22
PHIL543,3,10825,PHIL,3.22
ASTR149,2,10826,ASTR,1.16
PHIL276,3,10827,PHIL,3.22
ART493,2,10828,ART,3.22
CSCE647,4,10829,CSCE,3.22
ART124,4,10830,ART,1.16
MUS251,3,10831,MUS,3.22
HIST212,4,10832,HIST,1.16
ECE269,3,10833,ECE,3.22
ENG515,2,10834,ENG,3.22
BIO290,3,10835,BIO,1.16
MATH448,2,10836,MATH,1.16
HIST554,4,10837,HIST,1.16
BIO497,4,10838,BIO,1.16
HIST281,4,10839,HIST,3.22
ECON490,2,10840,ECON,1.16
CHEM226,4,10841,CHEM,1.16
MUS208,2,10842,MUS,1.16
PSY606,2,10843,PSY,1.16
CSCE242,2,10844,CSCE,1.16
ECE563,4,10845,ECE,1.16
ECON197,3,10846,ECON,1.16
HIST455,4,10847,HIST,3.22
STAT104,4,10848,STAT,1.16
MATH607,4,10849,MATH,3.22
HIST569,3,10850,HIST,3.22
PHYS147,2,10851,PHYS,3.22
STAT593,4,10852,STAT,3.22
ECON489,2,10853,ECON,1.16
STAT251,2,10854,STAT,3.22
PSY156,3,10855,PSY,1.16
HIST683,2,10856,HIST,1.16
ART583,3,10857,ART,3.22
PHIL200,4,10858,PHIL,3.22
BIO377,2,10859,BIO,3.22
PSY474,2,10860,PSY,3.22
MUS444,4,10861,MUS,3.22
MUS216,4,10862,MUS,1.16
HIST615,4,10863,HIST,3.22
BIO565,4,10864,BIO,3.22
ART487,4,10865,ART,3.22
ECON593,3,10866,ECON,3.22
ECON158,2,10867,ECON,1.16
BIO664,3,10868,BIO,1.16
MUS542,4,10869,MUS,3.22
MUS558,4,10870,MUS,1.16
ART640,4,10871,ART,1.16
MUS324,4,10872,MUS,3.22
CSCE129,3,10873,CSCE,3.22
ART262,3,10874,ART,1.16
PHYS348,4,10875,PHYS,3.22
ENG688,4,10876,ENG,1.16
MUS656,4,10877,MUS,3.22
ECE244,2,10878,ECE,1.16
ART155,4,10879,ART,3.22
MUS466,2,10880,MUS,3.22
CHEM285,3,10881,CHEM,3.22
MATH574,2,10882,MATH,3.22
ECE679,4,10883,ECE,1.16
ENG482,3,10884,ENG,3.22
ENG286,2,10885,ENG,3.22
HIST382,2,10886,HIST,3.22
ENG665,2,10887,ENG,1.16
PSY627,4,10888,PSY,1.16
PHYS309,4,10889,PHYS,3.22
PHYS204,3,10890,PHYS,3.22
MUS659,3,10891,MUS,1.16
PHYS390,2,10892,PHYS,1.16
BIO336,3,10893,BIO,1.16
ECE313,2,10894,ECE,3.22
PHYS424,3,10895,PHYS,3.22
HIST527,4,10896,HIST,1.16
MATH615,4,10897,MATH,3.22
CHEM157,2,10898,CHEM,3.22
ASTR598,3,10899,ASTR,3.22
ECON297,3,10900,ECON,3.22
ECON152,4,10901,ECON,3.22
ART123,4,10902,ART,3.22
PHYS592,4,10903,PHYS,3.22
ECE499,2,10904,ECE,3.22
ENG417,2,10905,ENG,1.16
ENG476,3,10906,ENG,3.22
MUS487,3,10907,MUS,3.22
PSY447,2,10908,PSY,1.16
MATH181,4,10909,MATH,3.22
PHYS546,2,10910,PHYS,1.16
ART697,4,10911,ART,1.16
BIO147,3,10912,BIO,1.16
CSCE335,3,10913,CSCE,1.16
PSY442,2,10914,PSY,1.16
ECE414,3,10915,ECE,1.16
ECON135,4,10916,ECON,3.22
HIST656,2,10917,HIST,1.16
BIO296,3,10918,BIO,3.22
ASTR154,3,10919,ASTR,1.16
MATH695,2,10920,MATH,1.16
PSY270,3,10921,PSY,1.16
ECON298,3,10922,ECON,1.16
ENG648,4,10923,ENG,1.16
ECON148,3,10924,ECON,1.16
MATH351,2,10925,MATH,3.22
PHYS638,2,10926,PHYS,1.16
CHEM440,2,10927,CHEM,3.22
STAT512,4,10928,STAT,1.16
HIST126,2,10929,HIST,3.22
ASTR402,3,10930,ASTR,3.22
PSY570,2,10931,PSY,1.16
BIO618,2,10932,BIO,1.16
STAT550,2,10933,STAT,1.16
MUS441,4,10934,MUS,1.16
ECE666,2,10935,ECE,1.16
ART165,3,10936,ART,1.16
PSY510,4,10937,PSY,3.22
CSCE618,3,10938,CSCE,3.22
ECON450,3,10939,ECON,3.22
PHIL365,4,10940,PHIL,1.16
MUS290,2,10941,MUS,3.22
ENG166,4,10942,ENG,3.22
HIST558,3,10943,HIST,3.22
PSY253,2,10944,PSY,1.16
ECON156,4,10945,ECON,1.16
PSY111,2,10946,PSY,3.22
ENG632,4,10947,ENG,1.16
PHYS493,4,10948,PHYS,1.16
PSY376,4,10949,PSY,3.22
PHYS206,4,10950,PHYS,1.16
CHEM123,4,10951,CHEM,3.22
PSY613,4,10952,PSY,1.16
MUS322,2,10953,MUS,3.22
PSY362,2,10954,PSY,1.16
ENG445,4,10955,ENG,1.16
HIST135,2,10956,HIST,1.16
ART264,3,10957,ART,1.16
PSY672,2,10958,PSY,3.22
CHEM198,2,10959,CHEM,3.22
CSCE386,3,10960,CSCE,3.22
BIO591,2,10961,BIO,1.16
CSCE694,4,10962,CSCE,1.16
ENG251,2,10963,ENG,3.22
ASTR503,4,10964,ASTR,1.16
ECON456,2,10965,ECON,3.22
STAT197,4,10966,STAT,3.22
MUS349,3,10967,MUS,1.16
ART131,3,10968,ART,1.16
CHEM448,3,10969,CHEM,3.22
PHYS263,3,10970,PHYS,1.16
MATH626,4,10971,MATH,1.16
HIST375,3,10972,HIST,3.22
CSCE334,3,10973,CSCE,3.22
ENG635,3,10974,ENG,3.22
BIO673,3,10975,BIO,3.22
ECE219,4,10976,ECE,3.22
ECON292,4,10977,ECON,3.22
PSY391,3,10978,PSY,3.22
CSCE543,3,10979,CSCE,3.22
PHIL206,4,10980,PHIL,1.16
CSCE440,2,10981,CSCE,3.22
ENG597,4,10982,ENG,3.22
MATH368,3,10983,MATH,3.22
CHEM342,2,10984,CHEM,3.22
ART598,4,10985,ART,3.22
MATH128,3,10986,MATH,3.22
MUS336,2,10987,MUS,3.22
ECE194,4,10988,ECE,3.22
PHIL373,4,10989,PHIL,3.22
PSY641,2,10990,PSY,3.22
CHEM168,2,10991,CHEM,3.22
MUS178,2,10992,MUS,3.22
ENG540,2,10993,ENG,1.16
PHYS224,3,10994,PHYS,1.16
CHEM315,3,10995,CHEM,1.16
ECE210,2,10996,ECE,1.16
ECON136,2,10997,ECON,3.22
MATH122,3,10998,MATH,1.16
MUS363,2,10999,MUS,3.22
ECE629,4,11000,ECE,3.22
STAT493,2,11001,STAT,1.16
MUS515,4,11002,MUS,3.22
BIO252,2,11003,BIO,1.16
MUS603,4,11004,MUS,3.22
PSY588,3,11005,PSY,1.16
ART253,4,11006,ART,1.16
MATH285,4,11007,MATH,3.22
ART184,4,11008,ART,1.16
ART508,3,11009,ART,3.22
MATH175,2,11010,MATH,3.22
ECON518,3,11011,ECON,3.22
CHEM560,3,11012,CHEM,1.16
ASTR307,4,11013,ASTR,3.22
CSCE505,3,11014,CSCE,3.22
MATH522,4,11015,MATH,3.22
ECON687,4,11016,ECON,1.16
CSCE349,4,11017,CSCE,1.16
HIST412,3,11018,HIST,1.16
MATH152,4,11019,MATH,1.16
BIO652,4,11020,BIO,3.22
ECE165,3,11021,ECE,1.16
ASTR206,2,11022,ASTR,3.22
ASTR683,4,11023,ASTR,1.16
MATH137,3,11024,MATH,1.16
STAT556,4,11025,STAT,1.16
PHIL529,2,11026,PHIL,3.22
PHYS331,2,11027,PHYS,3.22
PHIL263,3,11028,PHIL,3.22
PHIL483,3,11029,PHIL,1.16
PHIL358,2,11030,PHIL,1.16
MUS498,4,11031,MUS,3.22
PHYS646,2,11032,PHYS,1.16
BIO417,2,11033,BIO,1.16
STAT275,4,11034,STAT,3.22
ART610,2,11035,ART,1.16
MATH595,4,11036,MATH,1.16
STAT363,2,11037,STAT,1.16
ART246,4,11038,ART,3.22
CSCE332,2,11039,CSCE,3.22
CHEM384,2,11040,CHEM,1.16
PHYS384,2,11041,PHYS,1.16
STAT426,3,11042,STAT,3.22
BIO363,3,11043,BIO,1.16
MATH600,2,11044,MATH,1.16
ENG442,4,11045,ENG,1.16
HIST277,2,11046,HIST,3.22
PSY481,2,11047,PSY,3.22
MUS294,3,11048,MUS,1.16
CHEM437,4,11049,CHEM,1.16
PSY233,4,11050,PSY,3.22
PHIL472,4,11051,PHIL,1.16
MATH452,3,11052,MATH,3.22
BIO443,4,11053,BIO,1.16
CSCE553,3,11054,CSCE,1.16
ECON374,4,11055,ECON,1.16
ART589,3,11056,ART,3.22
ENG640,3,11057,ENG,1.16
ENG423,4,11058,ENG,3.22
PSY454,4,11059,PSY,3.22
ENG258,3,11060,ENG,1.16
PSY607,3,11061,PSY,3.22
PHIL464,3,11062,PHIL,3.22
BIO158,4,11063,BIO,1.16
ECON661,4,11064,ECON,1.16
HIST526,2,11065,HIST,1.16
PHIL334,3,11066,PHIL,1.16
BIO304,3,11067,BIO,3.22
ECE559,2,11068,ECE,3.22
ECE280,2,11069,ECE,1.16
ECON216,3,11070,ECON,1.16
ECON178,2,11071,ECON,3.22
ECON279,4,11072,ECON,1.16
BIO510,3,11073,BIO,1.16
MUS107,2,11074,MUS,1.16
PHYS317,3,11075,PHYS,1.16
PHYS474,4,11076,PHYS,3.22
MUS352,3,11077,MUS,3.22
PHYS171,3,11078,PHYS,1.16
CHEM104,2,11079,CHEM,3.22
ECE676,2,11080,ECE,3.22
ASTR610,2,11081,ASTR,3.22
ENG174,3,11082,ENG,3.22
HIST544,4,11083,HIST,1.16
PHIL324,2,11084,PHIL,3.22
ART694,4,11085,ART,3.22
HIST180,4,11086,HIST,3.22
ASTR288,3,11087,ASTR,1.16
BIO631,3,11088,BIO,1.16
CSCE668,4,11089,CSCE,1.16
PSY389,2,11090,PSY,1.16
HIST195,4,11091,HIST,3.22
ENG430,2,11092,ENG,3.22
ART362,4,11093,ART,1.16
ENG266,3,11094,ENG,3.22
CHEM433,2,11095,CHEM,3.22
PSY332,4,11096,PSY,3.22
HIST430,3,11097,HIST,3.22
ART457,4,11098,ART,1.16
MATH420,4,11099,MATH,3.22
ART588,4,11100,ART,1.16
ART142,3,11101,ART,3.22
ASTR272,3,11102,ASTR,1.16
PSY415,3,11103,PSY,3.22
MATH340,2,11104,MATH,1.16
ENG639,4,11105,ENG,3.22
ECON209,3,11106,ECON,1.16
ENG468,4,11107,ENG,1.16
ART339,2,11108,ART,3.22
PHIL597,2,11109,PHIL,1.16
HIST372,4,11110,HIST,1.16
PHYS461,2,11111,PHYS,1.16
CHEM119,3,11112,CHEM,3.22
STAT241,3,11113,STAT,1.16
CSCE620,4,11114,CSCE,1.16
ENG371,3,11115,ENG,1.16
ECE613,3,11116,ECE,1.16
CHEM654,2,11117,CHEM,1.16
ENG316,3,11118,ENG,3.22
CSCE163,4,11119,CSCE,1.16
MUS663,3,11120,MUS,3.22
MUS347,4,11121,MUS,1.16
BIO103,2,11122,BIO,3.22
CSCE222,3,11123,CSCE,1.16
MUS252,2,11124,MUS,3.22
CSCE690,2,11125,CSCE,3.22
HIST535,4,11126,HIST,1.16
PHYS380,2,11127,PHYS,3.22
ASTR222,3,11128,ASTR,1.16
STAT658,3,11129,STAT,3.22
HIST390,3,11130,HIST,3.22
ECON353,4,11131,ECON,1.16
ART593,3,11132,ART,1.16
ECE387,2,11133,ECE,3.22
PHIL684,3,11134,PHIL,3.22
ECE476,3,11135,ECE,1.16
MATH299,4,11136,MATH,1.16
PHYS430,3,11137,PHYS,3.22
ASTR407,3,11138,ASTR,3.22
CSCE285,3,11139,CSCE,3.22
ECON428,4,11140,ECON,1.16
MATH230,2,11141,MATH,3.22
ECON175,2,11142,ECON,3.22
PHIL203,2,11143,PHIL,1.16
CSCE226,4,11144,CSCE,3.22
ART412,4,11145,ART,3.22
MUS152,4,11146,MUS,1.16
PHYS126,4,11147,PHYS,1.16
CHEM637,2,11148,CHEM,3.22
HIST490,2,11149,HIST,3.22
CHEM576,2,11150,CHEM,3.22
PSY595,2,11151,PSY,1.16
STAT599,2,11152,STAT,1.16
ENG386,2,11153,ENG,1.16
ECON555,4,11154,ECON,3.22
PSY527,2,11155,PSY,3.22
ECE258,2,11156,ECE,1.16
ECE496,3,11157,ECE,1.16
ENG277,3,11158,ENG,1.16
ASTR419,2,11159,ASTR,1.16
CSCE176,4,11160,CSCE,1.16
ECON200,3,11161,ECON,3.22
ART273,2,11162,ART,3.22
ART505,4,11163,ART,3.22
ENG267,2,11164,ENG,3.22
ECE385,3,11165,ECE,3.22
ART529,4,11166,ART,3.22
STAT667,4,11167,STAT,1.16
BIO301,3,11168,BIO,3.22
PHYS411,4,11169,PHYS,1.16
ECON594,2,11170,ECON,1.16
STAT417,4,11171,STAT,1.16
MATH327,3,11172,MATH,1.16
ECON544,2,11173,ECON,1.16
HIST473,2,11174,HIST,3.22
PHYS279,3,11175,PHYS,3.22
MUS161,2,11176,MUS,1.16
PHYS557,4,11177,PHYS,3.22
MUS574,2,11178,MUS,3.22
STAT101,4,11179,STAT,3.22
PSY530,4,11180,PSY,3.22
MATH631,4,11181,MATH,3.22
ENG333,2,11182,ENG,1.16
ENG359,4,11183,ENG,3.22
ECE477,4,11184,ECE,1.16
PHYS542,4,11185,PHYS,3.22
PSY468,2,11186,PSY,3.22
ASTR668,2,11187,ASTR,3.22
HIST573,4,11188,HIST,3.22
CHEM670,2,11189,CHEM,3.22
CSCE411,4,11190,CSCE,3.22
ECON315,4,11191,ECON,3.22
ART492,2,11192,ART,3.22
HIST207,4,11193,HIST,3.22
PHIL480,3,11194,PHIL,1.16
CSCE256,4,11195,CSCE,1.16
ECON583,2,11196,ECON,3.22
ECE683,2,11197,ECE,3.22
PSY384,3,11198,PSY,3.22
STAT647,4,11199,STAT,3.22
MATH361,3,11200,MATH,3.22
MUS201,2,11201,MUS,1.16
MUS205,4,11202,MUS,3.22
ECE172,4,11203,ECE,1.16
HIST151,3,11204,HIST,1.16
BIO663,3,11205,BIO,1.16
MATH458,3,11206,MATH,1.16
STAT664,2,11207,STAT,1.16
ASTR336,4,11208,ASTR,1.16
ECE671,2,11209,ECE,3.22
PHYS176,2,11210,PHYS,1.16
ENG655,2,11211,ENG,1.16
CHEM698,4,11212,CHEM,3.22
STAT498,3,11213,STAT,1.16
BIO458,3,11214,BIO,3.22
HIST288,2,11215,HIST,3.22
BIO213,4,11216,BIO,3.22
HIST507,2,11217,HIST,1.16
PHIL313,3,11218,PHIL,3.22
STAT574,4,11219,STAT,3.22
ASTR144,3,11220,ASTR,3.22
ECON206,4,11221,ECON,1.16
ECON677,2,11222,ECON,1.16
STAT331,3,11223,STAT,3.22
ECON316,4,11224,ECON,1.16
ECON105,4,11225,ECON,1.16
CSCE473,2,11226,CSCE,3.22
PHIL319,3,11227,PHIL,1.16
PHIL328,2,11228,PHIL,1.16
BIO362,2,11229,BIO,1.16
CHEM617,4,11230,CHEM,3.22
MATH267,3,11231,MATH,3.22
ECE473,2,11232,ECE,1.16
ECON478,4,11233,ECON,1.16
ASTR181,4,11234,ASTR,1.16
PSY143,2,11235,PSY,1.16
ART677,3,11236,ART,1.16
MUS338,4,11237,MUS,1.16
ECON344,2,11238,ECON,3.22
MUS687,4,11239,MUS,1.16
ART480,3,11240,ART,3.22
MUS635,2,11241,MUS,3.22
ECON469,4,11242,ECON,1.16
ASTR580,2,11243,ASTR,1.16
PHIL159,2,11244,PHIL,1.16
ART216,4,11245,ART,3.22
ENG464,2,11246,ENG,1.16
ART490,3,11247,ART,3.22
ENG415,3,11248,ENG,3.22
ART245,2,11249,ART,3.22
CHEM594,4,11250,CHEM,1.16
HIST362,3,11251,HIST,3.22
PSY314,3,11252,PSY,3.22
ENG383,3,11253,ENG,3.22
ECON163,4,11254,ECON,3.22
CSCE280,4,11255,CSCE,1.16
MATH165,3,11256,MATH,1.16
PHYS258,3,11257,PHYS,1.16
CSCE273,3,11258,CSCE,3.22
HIST518,4,11259,HIST,3.22
ENG360,4,11260,ENG,3.22
ECE132,3,11261,ECE,3.22
PSY551,4,11262,PSY,3.22
HIST153,3,11263,HIST,3.22
MATH432,4,11264,MATH,1.16
PHYS271,2,11265,PHYS,3.22
ENG673,2,11266,ENG,1.16
ECON402,3,11267,ECON,1.16
CSCE367,4,11268,CSCE,1.16
MATH465,3,11269,MATH,1.16
PSY105,2,11270,PSY,3.22
HIST228,3,11271,HIST,3.22
MUS246,2,11272,MUS,1.16
ASTR204,2,11273,ASTR,1.16
PHYS105,2,11274,PHYS,3.22
ECE658,3,11275,ECE,1.16
HIST418,4,11276,HIST,1.16
ASTR528,2,11277,ASTR,1.16
STAT305,2,11278,STAT,3.22
MUS460,3,11279,MUS,3.22
MUS636,4,11280,MUS,3.22
PHIL636,2,11281,PHIL,3.22
CHEM529,2,11282,CHEM,1.16
PHIL188,4,11283,PHIL,1.16
HIST661,2,11284,HIST,3.22
ECE164,2,11285,ECE,1.16
ART635,2,11286,ART,1.16
ECE612,3,11287,ECE,3.22
PSY574,3,11288,PSY,1.16
ASTR378,2,11289,ASTR,1.16
PHYS413,4,11290,PHYS,3.22
CSCE548,4,11291,CSCE,3.22
ASTR101,2,11292,ASTR,3.22
BIO144,3,11293,BIO,3.22
ART550,4,11294,ART,1.16
CSCE687,3,11295,CSCE,1.16
PHIL481,3,11296,PHIL,1.16
CHEM348,2,11297,CHEM,3.22
ECE351,3,11298,ECE,3.22
STAT373,4,11299,STAT,3.22
CHEM429,4,11300,CHEM,1.16
ART465,4,11301,ART,3.22
PSY155,3,11302,PSY,1.16
MATH651,3,11303,MATH,1.16
ART573,3,11304,ART,3.22
MUS682,4,11305,MUS,3.22
STAT223,2,11306,STAT,3.22
PHYS110,4,11307,PHYS,1.16
MUS672,2,11308,MUS,1.16
HIST437,2,11309,HIST,1.16
ENG111,2,11310,ENG,1.16
MATH659,2,11311,MATH,3.22
CSCE290,3,11312,CSCE,1.16
PHIL498,4,11313,PHIL,3.22
CSCE265,3,11314,CSCE,3.22
BIO621,4,11315,BIO,3.22
ASTR644,3,11316,ASTR,3.22
MATH333,2,11317,MATH,3.22
ECE422,3,11318,ECE,1.16
HIST664,3,11319,HIST,1.16
HIST192,3,11320,HIST,3.22
BIO391,3,11321,BIO,3.22
ASTR298,3,11322,ASTR,1.16
ASTR529,2,11323,ASTR,1.16
STAT588,3,11324,STAT,3.22
ASTR194,4,11325,ASTR,3.22
ASTR492,4,11326,ASTR,1.16
PSY429,2,11327,PSY,3.22
CSCE691,4,11328,CSCE,3.22
HIST340,2,11329,HIST,1.16
ENG283,4,11330,ENG,1.16
ECE625,3,11331,ECE,1.16
ECON146,2,11332,ECON,1.16
ECON431,2,11333,ECON,3.22
ART536,2,11334,ART,3.22
STAT477,2,11335,STAT,3.22
ASTR591,2,11336,ASTR,3.22
MATH415,2,11337,MATH,3.22
ECE393,4,11338,ECE,3.22
ENG451,4,11339,ENG,3.22
HIST649,3,11340,HIST,3.22
ASTR457,3,11341,ASTR,3.22
STAT497,4,11342,STAT,1.16
ENG615,4,11343,ENG,3.22
ECON139,4,11344,ECON,3.22
CSCE122,2,11345,CSCE,1.16
BIO476,2,11346,BIO,3.22
ECON256,4,11347,ECON,1.16
CSCE323,2,11348,CSCE,1.16
CSCE240,4,11349,CSCE,1.16
CSCE373,3,11350,CSCE,1.16
PSY581,3,11351,PSY,1.16
ECE578,2,11352,ECE,1.16
PSY292,2,11353,PSY,3.22
MATH535,3,11354,MATH,3.22
ASTR183,3,11355,ASTR,3.22
CSCE342,4,11356,CSCE,3.22
ART673,4,11357,ART,3.22
ECE560,3,11358,ECE,1.16
ECON464,3,11359,ECON,1.16
PSY134,2,11360,PSY,1.16
PHYS218,3,11361,PHYS,1.16
PHYS594,4,11362,PHYS,1.16
BIO594,2,11363,BIO,3.22
CSCE116,3,11364,CSCE,1.16
PHYS169,4,11365,PHYS,1.16
CHEM325,2,11366,CHEM,3.22
MUS130,4,11367,MUS,3.22
CSCE573,3,11368,CSCE,1.16
CSCE504,2,11369,CSCE,1.16
CHEM196,2,11370,CHEM,1.16
MATH399,4,11371,MATH,1.16
PHYS500,3,11372,PHYS,3.22
ENG438,4,11373,ENG,3.22
PHIL637,3,11374,PHIL,1.16
CHEM227,3,11375,CHEM,1.16
MUS606,4,11376,MUS,1.16
CSCE479,3,11377,CSCE,1.16
ASTR320,3,11378,ASTR,1.16
PSY333,2,11379,PSY,1.16
ECE294,4,11380,ECE,3.22
HIST509,4,11381,HIST,3.22
HIST630,2,11382,HIST,3.22
BIO121,2,11383,BIO,3.22
ASTR196,2,11384,ASTR,3.22
PHYS399,2,11385,PHYS,3.22
MUS302,3,11386,MUS,3.22
STAT539,3,11387,STAT,1.16
HIST220,3,11388,HIST,3.22
CHEM456,2,11389,CHEM,1.16
ASTR534,2,11390,ASTR,3.22
ART109,2,11391,ART,1.16
BIO632,3,11392,BIO,3.22
STAT483,2,11393,STAT,1.16
MATH460,2,11394,MATH,3.22
ENG191,2,11395,ENG,3.22
ECE699,2,11396,ECE,1.16
MUS468,2,11397,MUS,1.16
MATH304,4,11398,MATH,1.16
MATH633,4,11399,MATH,1.16
ECON172,2,11400,ECON,1.16
MUS381,3,11401,MUS,1.16
MATH221,4,11402,MATH,1.16
PSY491,4,11403,PSY,3.22
ART393,3,11404,ART,3.22
PHIL131,4,11405,PHIL,1.16
PHIL503,2,11406,PHIL,3.22
BIO361,3,11407,BIO,3.22
BIO267,3,11408,BIO,3.22
ECE320,3,11409,ECE,1.16
PHYS101,3,11410,PHYS,1.16
CSCE592,3,11411,CSCE,3.22
ART119,2,11412,ART,1.16
ECON646,2,11413,ECON,1.16
ECON323,4,11414,ECON,1.16
CSCE539,2,11415,CSCE,3.22
STAT480,3,11416,STAT,3.22
PHIL216,2,11417,PHIL,1.16
CHEM142,2,11418,CHEM,1.16
MATH224,2,11419,MATH,1.16
ENG261,2,11420,ENG,3.22
ECON229,4,11421,ECON,1.16
HIST255,3,11422,HIST,1.16
CSCE181,4,11423,CSCE,1.16
ASTR510,3,11424,ASTR,1.16
ECE229,4,11425,ECE,3.22
ASTR588,3,11426,ASTR,3.22
BIO277,3,11427,BIO,1.16
ASTR271,4,11428,ASTR,1.16
ART127,2,11429,ART,3.22
MUS402,2,11430,MUS,3.22
MUS450,4,11431,MUS,3.22
ASTR453,4,11432,ASTR,1.16
PHYS121,3,11433,PHYS,3.22
BIO535,4,11434,BIO,1.16
ART380,2,11435,ART,1.16
ASTR124,4,11436,ASTR,1.16
MUS673,3,11437,MUS,3.22
ASTR235,3,11438,ASTR,3.22
MUS484,4,11439,MUS,1.16
CSCE311,3,11440,CSCE,3.22
CHEM238,4,11441,CHEM,3.22
MATH638,4,11442,MATH,1.16
PHIL243,4,11443,PHIL,3.22
PHYS437,4,11444,PHYS,3.22
PHIL378,3,11445,PHIL,1.16
MUS383,4,11446,MUS,3.22
HIST165,4,11447,HIST,3.22
PSY293,2,11448,PSY,3.22
ENG339,3,11449,ENG,1.16
BIO651,3,11450,BIO,1.16
PHYS229,4,11451,PHYS,1.16
PHIL519,2,11452,PHIL,1.16
ART497,4,11453,ART,1.16
PHIL692,2,11454,PHIL,1.16
PSY340,3,11455,PSY,1.16
PHYS208,2,11456,PHYS,3.22
ASTR255,3,11457,ASTR,1.16
ART274,3,11458,ART,3.22
CHEM240,2,11459,CHEM,3.22
ENG120,2,11460,ENG,3.22
CHEM398,3,11461,CHEM,1.16
CHEM388,3,11462,CHEM,3.22
BIO302,3,11463,BIO,1.16
BIO678,2,11464,BIO,3.22
MUS396,3,11465,MUS,1.16
BIO209,4,11466,BIO,3.22
PHYS325,4,11467,PHYS,1.16
ECON118,3,11468,ECON,3.22
ENG577,4,11469,ENG,3.22
PHIL109,3,11470,PHIL,3.22
BIO371,4,11471,BIO,3.22
MUS679,4,11472,MUS,1.16
CSCE353,2,11473,CSCE,3.22
ECE597,4,11474,ECE,3.22
HIST438,2,11475,HIST,3.22
MUS495,3,11476,MUS,3.22
PHYS534,4,11477,PHYS,1.16
ART133,2,11478,ART,1.16
PHIL170,3,11479,PHIL,1.16
ART427,4,11480,ART,3.22
ART575,4,11481,ART,1.16
CSCE623,4,11482,CSCE,1.16
ECE436,3,11483,ECE,1.16
PHIL213,3,11484,PHIL,3.22
ECON179,3,11485,ECON,1.16
CSCE361,3,11486,CSCE,1.16
PHIL331,3,11487,PHIL,3.22
STAT379,4,11488,STAT,3.22
CSCE459,4,11489,CSCE,3.22
PHYS597,4,11490,PHYS,1.16
ECON306,3,11491,ECON,3.22
ECE582,3,11492,ECE,3.22
HIST625,2,11493,HIST,1.16
STAT644,2,11494,STAT,3.22
MATH391,2,11495,MATH,1.16
PHYS198,4,11496,PHYS,3.22
ENG116,2,11497,ENG,1.16
CHEM258,2,11498,CHEM,1.16
PSY674,3,11499,PSY,1.16
BIO515,2,11500,BIO,3.22
ENG404,4,11501,ENG,3.22
ART277,2,11502,ART,1.16
PHIL434,3,11503,PHIL,1.16
CHEM217,4,11504,CHEM,1.16
ENG478,4,11505,ENG,3.22
HIST158,4,11506,HIST,1.16
ENG450,2,11507,ENG,3.22
ENG299,3,11508,ENG,3.22
CHEM428,4,11509,CHEM,1.16
PSY572,2,11510,PSY,1.16
MATH358,3,11511,MATH,1.16
PSY123,2,11512,PSY,3.22
STAT694,4,11513,STAT,3.22
ART375,4,11514,ART,3.22
CSCE303,3,11515,CSCE,3.22
MATH548,2,11516,MATH,1.16
MATH223,3,11517,MATH,3.22
STAT660,4,11518,STAT,1.16
PHIL399,2,11519,PHIL,1.16
ART663,3,11520,ART,1.16
ASTR466,3,11521,ASTR,1.16
HIST586,3,11522,HIST,3.22
CSCE228,2,11523,CSCE,3.22
HIST242,3,11524,HIST,3.22
CHEM492,2,11525,CHEM,1.16
ART579,2,11526,ART,3.22
ART125,3,11527,ART,3.22
PHYS145,3,11528,PHYS,3.22
MUS339,4,11529,MUS,3.22
ASTR170,4,11530,ASTR,3.22
ENG381,2,11531,ENG,3.22
ECE225,2,11532,ECE,1.16
MATH117,4,11533,MATH,3.22
BIO165,4,11534,BIO,3.22
BIO325,3,11535,BIO,3.22
BIO682,4,11536,BIO,3.22
ECE321,2,11537,ECE,1.16
MUS510,2,11538,MUS,1.16
CHEM396,2,11539,CHEM,1.16
ECE180,3,11540,ECE,3.22
BIO339,3,11541,BIO,3.22
ENG696,4,11542,ENG,1.16
PSY509,3,11543,PSY,3.22
BIO150,3,11544,BIO,3.22
ART448,3,11545,ART,3.22
BIO125,3,11546,BIO,3.22
CHEM622,2,11547,CHEM,3.22
MUS100,3,11548,MUS,3.22
PHIL558,4,11549,PHIL,1.16
PHYS548,3,11550,PHYS,1.16
ECON551,4,11551,ECON,1.16
HIST102,3,11552,HIST,3.22
PHYS228,4,11553,PHYS,1.16
STAT377,3,11554,STAT,3.22
PSY109,4,11555,PSY,3.22
PHYS268,4,11556,PHYS,1.16
PSY220,4,11557,PSY,1.16
ASTR621,3,11558,ASTR,1.16
CSCE678,4,11559,CSCE,3.22
MUS478,4,11560,MUS,3.22
CHEM473,4,11561,CHEM,3.22
PSY443,4,11562,PSY,1.16
ASTR232,3,11563,ASTR,1.16
CHEM281,4,11564,CHEM,3.22
ASTR384,3,11565,ASTR,3.22
CSCE236,2,11566,CSCE,1.16
CSCE277,3,11567,CSCE,3.22
CSCE515,2,11568,CSCE,3.22
ENG605,4,11569,ENG,1.16
CHEM419,3,11570,CHEM,3.22
HIST572,2,11571,HIST,1.16
PHYS554,3,11572,PHYS,1.16
HIST197,3,11573,HIST,3.22
STAT458,3,11574,STAT,3.22
ART354,4,11575,ART,3.22
STAT137,4,11576,STAT,1.16
PHIL168,2,11577,PHIL,1.16
ECON697,2,11578,ECON,1.16
ECE691,4,11579,ECE,1.16
ART255,4,11580,ART,1.16
ECE413,4,11581,ECE,3.22
MATH188,3,11582,MATH,3.22
ART473,3,11583,ART,3.22
ECON674,4,11584,ECON,3.22
CSCE229,2,11585,CSCE,3.22
ART276,2,11586,ART,1.16
PHIL628,4,11587,PHIL,3.22
ART290,3,11588,ART,3.22
ENG436,2,11589,ENG,3.22
STAT121,4,11590,STAT,1.16
PHYS344,2,11591,PHYS,3.22
PHIL600,4,11592,PHIL,3.22
ART171,2,11593,ART,3.22
MUS318,3,11594,MUS,1.16
PHYS641,3,11595,PHYS,1.16
ART606,2,11596,ART,3.22
PHIL195,4,11597,PHIL,1.16
MATH499,3,11598,MATH,3.22
BIO303,3,11599,BIO,1.16
PHYS257,2,11600,PHYS,3.22
ECON643,3,11601,ECON,3.22
ENG633,4,11602,ENG,1.16
ASTR446,3,11603,ASTR,3.22
PHYS259,4,11604,PHYS,1.16
CHEM536,2,11605,CHEM,1.16
ASTR365,4,11606,ASTR,3.22
STAT611,2,11607,STAT,3.22
ECE235,2,11608,ECE,1.16
ASTR476,2,11609,ASTR,3.22
CSCE448,4,11610,CSCE,1.16
CSCE106,4,11611,CSCE,1.16
MUS114,3,11612,MUS,3.22
ECE463,4,11613,ECE,3.22
MUS497,2,11614,MUS,3.22
PHIL315,3,11615,PHIL,1.16
MUS695,4,11616,MUS,1.16
STAT676,2,11617,STAT,3.22
PHIL610,3,11618,PHIL,1.16
ART440,2,11619,ART,3.22
ECON224,4,11620,ECON,1.16
CSCE428,3,11621,CSCE,1.16
STAT636,3,11622,STAT,1.16
MATH129,3,11623,MATH,1.16
BIO490,3,11624,BIO,3.22
ASTR313,2,11625,ASTR,3.22
MATH503,2,11626,MATH,3.22
PHIL133,4,11627,PHIL,1.16
ECON537,2,11628,ECON,3.22
PSY173,4,11629,PSY,3.22
MATH629,3,11630,MATH,1.16
HIST219,2,11631,HIST,1.16
ECON438,2,11632,ECON,1.16
ASTR292,2,11633,ASTR,3.22
PHIL459,4,11634,PHIL,1.16
PSY513,2,11635,PSY,3.22
ECE315,2,11636,ECE,3.22
MATH441,4,11637,MATH,1.16
ASTR345,4,11638,ASTR,1.16
ECON592,4,11639,ECON,1.16
PHYS299,4,11640,PHYS,1.16
ENG550,3,11641,ENG,1.16
ECON607,3,11642,ECON,1.16
MATH696,4,11643,MATH,3.22
HIST181,4,11644,HIST,1.16
MATH396,2,11645,MATH,1.16
ECE647,2,11646,ECE,3.22
ECON365,3,11647,ECON,3.22
BIO331,2,11648,BIO,3.22
CSCE666,3,11649,CSCE,3.22
ART494,4,11650,ART,1.16
PSY652,2,11651,PSY,1.16
CHEM659,2,11652,CHEM,3.22
MUS266,4,11653,MUS,3.22
STAT595,4,11654,STAT,3.22
ECON420,4,11655,ECON,1.16
PSY121,3,11656,PSY,1.16
ECE523,3,11657,ECE,3.22
ENG326,4,11658,ENG,3.22
PHIL368,3,11659,PHIL,1.16
MATH618,4,11660,MATH,1.16
ENG526,4,11661,ENG,1.16
PSY317,3,11662,PSY,1.16
ASTR240,3,11663,ASTR,1.16
ART222,2,11664,ART,3.22
ECE342,4,11665,ECE,1.16
STAT568,3,11666,STAT,1.16
ECE585,3,11667,ECE,3.22
HIST184,4,11668,HIST,1.16
HIST270,3,11669,HIST,3.22
MUS580,2,11670,MUS,1.16
ENG432,2,11671,ENG,3.22
HIST420,3,11672,HIST,3.22
ASTR604,3,11673,ASTR,1.16
ECE281,3,11674,ECE,3.22
ASTR142,2,11675,ASTR,3.22
PHYS343,2,11676,PHYS,3.22
PSY695,2,11677,PSY,1.16
ASTR626,4,11678,ASTR,3.22
CSCE608,4,11679,CSCE,1.16
PHYS274,2,11680,PHYS,1.16
BIO113,3,11681,BIO,3.22
STAT250,3,11682,STAT,1.16
PSY371,4,11683,PSY,3.22
ECON329,4,11684,ECON,1.16
CHEM154,4,11685,CHEM,3.22
BIO317,4,11686,BIO,3.22
CSCE166,2,11687,CSCE,3.22
ASTR601,2,11688,ASTR,3.22
ART688,3,11689,ART,3.22
CHEM516,4,11690,CHEM,3.22
BIO635,4,11691,BIO,3.22
ASTR632,2,11692,ASTR,3.22
HIST251,2,11693,HIST,3.22
MUS188,3,11694,MUS,3.22
STAT408,3,11695,STAT,1.16
HIST208,4,11696,HIST,1.16
PHYS642,2,11697,PHYS,1.16
ECON557,2,11698,ECON,3.22
ECON166,3,11699,ECON,1.16
CHEM379,4,11700,CHEM,1.16
CSCE105,2,11701,CSCE,1.16
PSY559,2,11702,PSY,3.22
PHYS138,4,11703,PHYS,3.22
MATH101,3,11704,MATH,3.22
ENG361,4,11705,ENG,1.16
PHYS161,4,11706,PHYS,1.16
ASTR614,4,11707,ASTR,3.22
PHIL101,3,11708,PHIL,1.16
ASTR211,2,11709,ASTR,1.16
PSY435,4,11710,PSY,3.22
ENG240,3,11711,ENG,1.16
ASTR404,2,11712,ASTR,1.16
ENG273,4,11713,ENG,1.16
HIST303,4,11714,HIST,1.16
ECON169,4,11715,ECON,1.16
ECE481,2,11716,ECE,1.16
PHIL606,3,11717,PHIL,1.16
BIO120,3,11718,BIO,1.16
CSCE333,2,11719,CSCE,1.16
ENG634,3,11720,ENG,3.22
MUS304,2,11721,MUS,1.16
ART243,3,11722,ART,3.22
CHEM160,3,11723,CHEM,1.16
PHIL339,4,11724,PHIL,3.22
ASTR121,2,11725,ASTR,3.22
HIST269,3,11726,HIST,1.16
MUS270,4,11727,MUS,3.22
ENG509,4,11728,ENG,3.22
CSCE289,3,11729,CSCE,3.22
ART384,2,11730,ART,3.22
HIST284,3,11731,HIST,1.16
HIST175,3,11732,HIST,1.16
ART292,2,11733,ART,1.16
PHYS524,2,11734,PHYS,1.16
ASTR514,3,11735,ASTR,3.22
STAT371,3,11736,STAT,3.22
ART365,2,11737,ART,3.22
PHIL534,3,11738,PHIL,3.22
CSCE174,4,11739,CSCE,1.16
BIO582,2,11740,BIO,1.16
ART106,4,11741,ART,1.16
BIO472,3,11742,BIO,3.22
STAT192,2,11743,STAT,1.16
PHIL663,3,11744,PHIL,1.16
BIO359,4,11745,BIO,3.22
PSY486,2,11746,PSY,1.16
CHEM167,4,11747,CHEM,3.22
CHEM689,3,11748,CHEM,1.16
MUS241,2,11749,MUS,1.16
PSY657,4,11750,PSY,1.16
MATH547,4,11751,MATH,3.22
MUS494,2,11752,MUS,1.16
MATH318,2,11753,MATH,3.22
CHEM253,3,11754,CHEM,1.16
ECON411,3,11755,ECON,1.16
ASTR417,2,11756,ASTR,1.16
ECON577,2,11757,ECON,3.22
STAT351,3,11758,STAT,3.22
ART157,4,11759,ART,1.16
ASTR675,4,11760,ASTR,1.16
ASTR132,3,11761,ASTR,1.16
ENG527,3,11762,ENG,1.16
BIO365,3,11763,BIO,1.16
ENG103,2,11764,ENG,1.16
ECON199,3,11765,ECON,1.16
MATH104,2,11766,MATH,1.16
CSCE196,3,11767,CSCE,3.22
ART280,2,11768,ART,3.22
PSY602,4,11769,PSY,1.16
STAT554,4,11770,STAT,1.16
MATH473,2,11771,MATH,3.22
ASTR509,4,11772,ASTR,3.22
STAT545,3,11773,STAT,1.16
ENG118,3,11774,ENG,1.16
ENG164,4,11775,ENG,1.16
HIST161,2,11776,HIST,3.22
STAT255,2,11777,STAT,1.16
CSCE634,2,11778,CSCE,1.16
HIST623,2,11779,HIST,1.16
CHEM476,3,11780,CHEM,1.16
PHIL443,2,11781,PHIL,1.16
HIST541,2,11782,HIST,3.22
ART507,4,11783,ART,1.16
STAT427,4,11784,STAT,3.22
MATH388,4,11785,MATH,1.16
CSCE371,3,11786,CSCE,1.16
CHEM183,4,11787,CHEM,1.16
ECON432,4,11788,ECON,1.16
ECON144,2,11789,ECON,3.22
ART164,3,11790,ART,1.16
ENG137,3,11791,ENG,1.16
CSCE697,3,11792,CSCE,3.22
MATH387,4,11793,MATH,1.16
MUS488,2,11794,MUS,1.16
ASTR442,4,11795,ASTR,3.22
BIO690,3,11796,BIO,1.16
PHYS151,3,11797,PHYS,3.22
CSCE488,2,11798,CSCE,1.16
ECE398,3,11799,ECE,1.16
PHIL661,3,11800,PHIL,3.22
CHEM383,2,11801,CHEM,3.22
PHYS162,2,11802,PHYS,1.16
STAT311,2,11803,STAT,1.16
PHIL379,4,11804,PHIL,1.16
ART408,4,11805,ART,1.16
HIST103,3,11806,HIST,3.22
CHEM673,4,11807,CHEM,3.22
CSCE328,3,11808,CSCE,3.22
CSCE476,2,11809,CSCE,1.16
ART618,3,11810,ART,3.22
PHYS590,2,11811,PHYS,1.16
PSY223,3,11812,PSY,1.16
ENG263,3,11813,ENG,1.16
CSCE350,3,11814,CSCE,3.22
STAT528,3,11815,STAT,3.22
PSY599,3,11816,PSY,3.22
ASTR424,3,11817,ASTR,1.16
MATH593,3,11818,MATH,1.16
ECE107,2,11819,ECE,3.22
MATH164,3,11820,MATH,1.16
MATH521,3,11821,MATH,3.22
MUS433,2,11822,MUS,3.22
MUS123,3,11823,MUS,1.16
ENG387,3,11824,ENG,1.16
ASTR331,4,11825,ASTR,3.22
CHEM524,2,11826,CHEM,1.16
PSY565,2,11827,PSY,1.16
ASTR337,4,11828,ASTR,3.22
PHYS152,3,11829,PHYS,3.22
ECE430,3,11830,ECE,1.16
BIO343,3,11831,BIO,3.22
STAT634,2,11832,STAT,3.22
HIST467,2,11833,HIST,3.22
PHYS458,2,11834,PHYS,1.16
ECON483,3,11835,ECON,1.16
ASTR657,4,11836,ASTR,3.22
ECON676,4,11837,ECON,3.22
STAT162,3,11838,STAT,3.22
MATH315,2,11839,MATH,1.16
PHIL366,3,11840,PHIL,3.22
ASTR188,4,11841,ASTR,1.16
ENG335,2,11842,ENG,3.22
PHYS314,4,11843,PHYS,3.22
ASTR665,4,11844,ASTR,1.16
ECE482,3,11845,ECE,3.22
ASTR103,2,11846,ASTR,3.22
ENG414,2,11847,ENG,1.16
ART591,2,11848,ART,3.22
ECON194,2,11849,ECON,3.22
STAT295,4,11850,STAT,3.22
HIST397,3,11851,HIST,1.16
HIST332,2,11852,HIST,3.22
STAT695,4,11853,STAT,1.16
PSY106,2,11854,PSY,1.16
BIO330,3,11855,BIO,3.22
MUS230,2,11856,MUS,1.16
ECE682,3,11857,ECE,3.22
PHIL232,4,11858,PHIL,1.16
ENG228,4,11859,ENG,3.22
ENG206,4,11860,ENG,3.22
BIO268,2,11861,BIO,1.16
PHYS489,2,11862,PHYS,3.22
ENG350,2,11863,ENG,3.22
PSY590,3,11864,PSY,1.16
STAT629,2,11865,STAT,3.22
PHYS210,2,11866,PHYS,1.16
MATH677,4,11867,MATH,1.16
ART149,4,11868,ART,1.16
CSCE362,3,11869,CSCE,1.16
PHIL509,2,11870,PHIL,1.16
HIST295,4,11871,HIST,1.16
PHIL292,3,11872,PHIL,3.22
ECON403,4,11873,ECON,1.16
STAT170,2,11874,STAT,3.22
MUS210,3,11875,MUS,3.22
ECON309,4,11876,ECON,3.22
STAT343,3,11877,STAT,1.16
ART147,3,11878,ART,1.16
STAT334,2,11879,STAT,3.22
MATH669,4,11880,MATH,1.16
ECON223,2,11881,ECON,1.16
MUS678,4,11882,MUS,1.16
PSY281,2,11883,PSY,1.16
MATH136,2,11884,MATH,3.22
ASTR180,4,11885,ASTR,3.22
PHYS109,4,11886,PHYS,3.22
MATH279,2,11887,MATH,1.16
PSY433,4,11888,PSY,3.22
CHEM648,2,11889,CHEM,3.22
STAT141,4,11890,STAT,1.16
HIST246,4,11891,HIST,1.16
CSCE262,3,11892,CSCE,3.22
BIO485,4,11893,BIO,3.22
ECE278,2,11894,ECE,1.16
ECON678,2,11895,ECON,3.22
ECE228,3,11896,ECE,1.16
PSY549,4,11897,PSY,1.16
STAT680,2,11898,STAT,3.22
ECE271,4,11899,ECE,3.22
PSY488,4,11900,PSY,1.16
ECON142,4,11901,ECON,1.16
PHYS518,4,11902,PHYS,1.16
ECON568,4,11903,ECON,1.16
PSY675,3,11904,PSY,1.16
PSY540,4,11905,PSY,3.22
MATH277,2,11906,MATH,1.16
MUS439,4,11907,MUS,3.22
BIO374,4,11908,BIO,3.22
BIO547,2,11909,BIO,3.22
ENG549,2,11910,ENG,3.22
MATH684,2,11911,MATH,1.16
PHIL490,4,11912,PHIL,1.16
ECE453,4,11913,ECE,3.22
ECON401,2,11914,ECON,3.22
STAT406,3,11915,STAT,3.22
STAT294,4,11916,STAT,3.22
CHEM671,2,11917,CHEM,1.16
ASTR260,3,11918,ASTR,3.22
STAT645,3,11919,STAT,1.16
ART355,4,11920,ART,3.22
ASTR567,3,11921,ASTR,1.16
CSCE156,2,11922,CSCE,3.22
ART145,4,11923,ART,1.16
CHEM327,4,11924,CHEM,1.16
ECON581,2,11925,ECON,3.22
CSCE457,3,11926,CSCE,3.22
ART634,4,11927,ART,3.22
MUS340,4,11928,MUS,3.22
ECE195,2,11929,ECE,1.16
STAT604,4,11930,STAT,1.16
HIST237,2,11931,HIST,3.22
CHEM345,2,11932,CHEM,1.16
ECON503,2,11933,ECON,3.22
HIST468,3,11934,HIST,3.22
ECE688,3,11935,ECE,3.22
MUS207,4,11936,MUS,1.16
ASTR437,2,11937,ASTR,3.22
BIO444,2,11938,BIO,1.16
MUS621,3,11939,MUS,3.22
PHIL578,2,11940,PHIL,3.22
STAT623,3,11941,STAT,3.22
PSY202,3,11942,PSY,3.22
MATH220,3,11943,MATH,1.16
ECE353,2,11944,ECE,1.16
ECE216,3,11945,ECE,3.22
ART163,2,11946,ART,3.22
ART467,4,11947,ART,3.22
PHIL548,4,11948,PHIL,1.16
MATH344,2,11949,MATH,3.22
MATH623,4,11950,MATH,1.16
MATH553,4,11951,MATH,3.22
MUS220,4,11952,MUS,3.22
PSY119,3,11953,PSY,1.16
BIO542,3,11954,BIO,1.16
ASTR394,4,11955,ASTR,1.16
CHEM452,2,11956,CHEM,1.16
ECE570,4,11957,ECE,3.22
HIST378,4,11958,HIST,1.16
MUS162,2,11959,MUS,1.16
HIST268,4,11960,HIST,1.16
PHYS673,2,11961,PHYS,3.22
MUS329,4,11962,MUS,1.16
PSY404,2,11963,PSY,3.22
ART609,3,11964,ART,1.16
PSY160,2,11965,PSY,3.22
CHEM224,4,11966,CHEM,1.16
STAT484,3,11967,STAT,1.16
CHEM296,2,11968,CHEM,1.16
MUS380,2,11969,MUS,3.22
ASTR673,3,11970,ASTR,3.22
PHIL446,2,11971,PHIL,1.16
PHYS460,4,11972,PHYS,1.16
ASTR259,3,11973,ASTR,3.22
STAT614,2,11974,STAT,1.16
CSCE291,4,11975,CSCE,1.16
STAT390,3,11976,STAT,1.16
CSCE446,2,11977,CSCE,1.16
BIO156,2,11978,BIO,1.16
PHIL596,4,11979,PHIL,1.16
ART322,2,11980,ART,3.22
ECON155,2,11981,ECON,1.16
CHEM329,3,11982,CHEM,3.22
ART639,2,11983,ART,1.16
ECON622,3,11984,ECON,1.16
PSY605,3,11985,PSY,1.16
MATH678,2,11986,MATH,3.22
CSCE388,2,11987,CSCE,1.16
MATH424,2,11988,MATH,3.22
ENG537,3,11989,ENG,3.22
PHIL474,2,11990,PHIL,1.16
BIO474,2,11991,BIO,3.22
STAT306,4,11992,STAT,1.16
PHIL152,3,11993,PHIL,1.16
MUS557,4,11994,MUS,1.16
ENG346,3,11995,ENG,3.22
ECON632,2,11996,ECON,3.22
ENG289,2,11997,ENG,1.16
CSCE255,3,11998,CSCE,1.16
PHIL694,2,11999,PHIL,1.16
