CourseID,Credit,ProfUIN
PHIL491,4,978
ASTR274,4,6704
PHIL432,2,4502
BIO464,4,8122
ECON212,3,3261
ART390,4,4274
MUS354,4,5975
ECON173,2,178
PHIL282,4,7319
HIST405,3,3651
MATH400,4,552
STAT411,3,7764
PHIL521,3,4727
MATH364,2,661
PHYS467,4,2875
ENG304,2,4098
ART648,3,4927
ECE262,2,4659
STAT123,4,102
HIST665,4,1125
PHYS659,2,2089
PHIL234,4,147
CHEM501,2,4620
ECE339,4,7251
STAT540,2,7539
MUS627,4,9122
CHEM530,2,8210
BIO251,2,8120
ECON618,2,1354
MATH619,3,2943
HIST124,3,3337
CHEM386,2,130
ENG685,4,6257
MATH367,2,5731
HIST361,4,5466
ECE595,4,5931
HIST521,3,7928
PHIL416,4,7014
ECE328,2,2736
MATH611,3,5002
PSY680,4,8932
STAT266,2,5788
PHYS270,3,6958
ASTR464,4,9665
ENG646,4,1489
ENG421,3,4949
PHIL629,3,6160
CSCE452,4,6188
MUS624,2,4804
ASTR366,3,6799
PHIL155,3,481
ENG152,4,6635
BIO450,2,5261
CSCE571,2,7198
ECON249,3,6246
MUS500,4,7963
PHIL689,2,9654
PHIL593,3,9810
CSCE669,3,4019
ENG521,2,6447
ECE609,3,7967
CSCE146,3,2449
ASTR237,2,5916
HIST575,3,7273
PHYS690,2,886
MUS307,2,5142
CHEM431,2,7033
ASTR119,3,2341
ECON378,4,7899
CSCE213,4,3152
PSY571,4,8125
ECE494,3,4147
STAT650,2,2035
ECE495,3,4752
MUS634,3,4540
PSY546,3,8655
BIO527,4,1607
ECE312,2,4311
PHYS207,2,2487
PHIL532,3,2617
HIST254,3,4096
PHIL438,2,8335
STAT464,2,3033
BIO196,3,2662
BIO596,4,291
STAT519,3,7054
ART269,3,4838
ECON326,3,1736
PHYS354,2,2992
ART530,2,2180
ECE492,4,8338
ENG229,3,5293
ECE337,4,261
ECE245,3,9050
PHYS517,3,3065
HIST188,4,524
ASTR491,3,8940
MUS666,2,4657
MATH630,2,9728
MATH449,4,5494
ENG671,3,3957
CHEM278,4,9171
BIO452,3,8671
HIST261,2,7224
HIST685,2,6385
STAT453,2,4528
ENG189,2,7669
MATH272,3,7286
ECON396,4,3802
PHIL624,3,6279
STAT184,2,3470
ENG608,4,8950
HIST487,3,8703
ECON101,2,5089
BIO441,4,3440
ECON698,2,4395
PSY282,4,2423
PSY686,4,2249
BIO498,3,665
PSY592,4,1820
ART509,4,7371
HIST127,3,974
ASTR471,2,255
HIST613,3,8078
PSY398,2,1118
CSCE566,3,7987
PSY373,4,8544
ART445,2,8142
BIO387,4,6855
BIO407,3,3209
ENG352,3,9517
ECE310,4,9028
ART219,4,441
ECE206,4,8691
CHEM178,3,4256
PSY545,3,4036
PHIL343,4,7298
PHIL119,2,844
PHIL129,4,1839
CSCE357,3,7867
ART265,2,1903
ART565,3,7562
CSCE507,4,1132
ENG212,4,5473
PSY193,2,5450
ECE681,3,6260
MUS535,3,612
HIST149,4,7866
BIO273,4,6485
ECON525,2,129
MATH586,3,2775
BIO328,2,5672
ECON553,3,3713
BIO293,3,3803
BIO105,2,77
PHIL595,3,2641
STAT332,2,7408
BIO404,4,8106
ECON689,2,5734
PSY200,2,8334
CSCE405,2,2818
ECE604,3,7882
CSCE264,4,1809
ART664,4,6617
ENG517,2,3657
ECE400,3,403
STAT558,3,3423
ECON340,3,7617
MUS279,3,9544
STAT353,3,6835
PSY238,4,4470
STAT312,3,5315
ART252,3,6067
ASTR339,3,3395
ECON362,4,5925
ECON331,2,3910
CSCE336,3,7568
HIST567,2,948
CHEM125,2,3170
PHIL424,2,9806
BIO408,2,3804
ENG148,3,1877
PSY372,3,5743
BIO153,4,1121
PHYS468,2,353
ASTR136,2,1837
ECE248,4,3359
ART268,2,940
ART180,3,4509
CSCE270,4,5428
HIST240,3,4298
STAT479,4,7199
HIST323,3,5167
STAT583,2,2951
ART544,3,8966
ECE105,3,323
ENG140,2,4257
MATH193,4,5978
MATH423,2,5673
ECE632,4,2372
MUS563,3,8841
MATH393,3,2907
PSY522,4,2135
ASTR302,4,4863
HIST577,2,946
PHIL631,4,2584
HIST341,3,1239
PSY344,2,9613
MUS496,3,9256
ART681,3,9271
ECON312,2,7670
CHEM145,4,6669
BIO228,3,6710
PSY246,2,9856
BIO448,4,3140
ECON465,3,1179
PHIL585,3,439
PHYS650,4,8274
HIST431,2,7646
HIST589,3,3929
ECE374,2,7953
STAT526,4,5221
PHYS242,4,3530
HIST267,4,2393
PHIL214,2,4758
ECON202,3,9129
ART161,3,4145
BIO415,2,1824
BIO102,2,9963
CSCE575,3,5080
BIO428,4,3622
CSCE379,4,8301
CSCE382,4,2298
ECON451,3,7740
ASTR135,3,2574
PHIL599,4,8359
ECON290,2,8692
MATH134,3,6152
MUS258,2,527
CSCE305,4,7221
MATH666,2,7689
ECON588,4,3696
BIO198,4,3760
ECON218,3,2786
ART535,4,3275
CHEM468,2,3298
STAT297,2,7363
ART578,2,4989
PHIL555,2,5189
ENG200,4,4044
ECON102,2,8025
ECON666,4,6744
ART239,3,2609
ART259,4,726
ASTR489,3,6864
PHYS144,3,896
PHYS428,2,3957
MATH418,4,7022
ECON597,4,1278
ASTR594,4,4897
PHYS154,2,4960
PSY460,2,8189
PHIL126,3,7780
CSCE552,4,2445
ART360,2,5606
MATH145,4,478
MUS465,4,4771
ECON121,3,2535
HIST322,4,4330
ECE266,4,5772
ENG388,3,4687
ASTR685,2,7188
HIST137,4,5568
ASTR311,2,4585
BIO366,2,3465
PHIL680,3,115
PSY300,3,8639
MUS633,2,9336
HIST273,2,1840
ART491,2,9173
CSCE648,2,3901
ART337,3,7090
ENG667,4,58
CHEM486,2,1955
PHYS670,3,5540
HIST637,3,7870
ART366,3,9058
ECON447,2,1611
ECON670,3,5570
ECON248,2,9747
CSCE252,3,5565
STAT396,2,1497
ECE662,2,4178
ECE178,2,3893
PHIL285,3,2264
ART685,4,4546
PHYS160,3,8718
ENG669,3,5025
STAT324,3,6242
PHYS680,3,3427
CSCE609,4,3196
PHYS375,4,9496
BIO122,4,7684
PHIL179,2,3620
BIO327,2,9910
ASTR515,4,718
PSY102,3,6427
ASTR647,2,4089
ART680,3,4275
PHIL510,2,2235
BIO235,2,4448
PHIL333,4,6885
ENG351,2,2941
CSCE682,3,9832
ECE261,4,1940
ECON244,3,2563
ENG117,3,8346
STAT147,4,668
MUS513,3,5885
ASTR202,4,9877
MUS368,4,4150
PHYS699,4,1173
ART489,3,2260
PHIL139,4,4746
CSCE685,3,5405
ART436,4,2934
CHEM322,2,7702
CHEM502,2,4962
STAT171,3,1704
ECE325,2,9174
MUS562,4,2617
MATH102,4,1568
HIST646,2,8316
PHYS167,2,6786
CSCE603,3,5602
PSY573,4,7314
ECON278,4,856
ENG553,3,3691
CHEM148,3,9366
ASTR422,4,2263
BIO344,2,5565
BIO137,3,3269
PHIL303,4,8923
ECON122,3,1814
ASTR563,3,8271
CHEM649,2,9822
BIO207,2,2412
MUS101,3,6671
ASTR681,2,8809
MATH149,3,7418
BIO409,4,2124
MATH176,2,8196
MATH488,3,2951
ASTR480,4,7182
HIST669,3,3571
PHIL583,4,9772
MUS455,2,4243
ART139,3,1889
PSY208,3,3976
BIO494,4,9606
MUS305,4,9652
HIST647,2,8218
CHEM271,4,7112
MUS686,2,780
MUS400,4,3824
ASTR179,2,6864
ART261,4,5719
ENG470,2,3625
MATH235,2,9663
CSCE534,2,6719
STAT115,3,3100
CHEM391,2,8165
BIO613,2,4501
PSY319,4,133
STAT349,3,6945
MUS669,3,5851
STAT219,2,695
PHIL452,2,6693
HIST170,3,1696
ENG497,3,4302
HIST148,3,3708
MATH455,2,9275
ECE300,4,9175
MUS658,2,2845
ECON347,2,4829
ECE619,2,9590
ECON463,2,1456
ECON231,3,8597
CHEM205,3,6391
PSY174,3,2442
CHEM535,4,9742
MATH675,2,3562
PSY326,2,2486
CSCE387,4,9350
STAT188,2,877
ECE685,3,9017
ECE659,3,9982
PHYS129,3,1440
STAT596,4,7139
BIO630,3,8752
STAT468,4,753
ECE214,2,3304
PHYS418,3,6236
ENG548,4,6334
ECE417,4,8867
BIO628,4,9614
ENG151,4,8904
STAT653,3,4052
HIST374,2,2250
BIO586,3,4604
ART402,2,614
STAT452,3,4151
ART406,2,2670
CSCE267,3,1507
HIST168,2,8976
HIST562,4,6745
HIST185,3,3740
HIST588,4,2505
BIO459,2,2316
BIO384,2,5317
BIO451,2,1601
ECE614,4,4174
PHIL591,3,2680
BIO698,3,5935
ECON389,3,3869
PSY196,3,2799
ART176,2,6046
MATH419,4,8242
MATH374,4,3443
ECE504,4,9170
ASTR294,2,4545
ART531,2,5787
ECE589,4,5031
ASTR104,4,2413
ASTR256,2,1101
ECON226,4,5121
CHEM598,3,3845
CHEM563,3,178
ECE535,3,2376
PSY479,3,1533
MATH124,4,8264
HIST367,2,9056
ART191,3,1117
ECE652,3,7942
STAT157,4,3628
ASTR617,4,8975
ASTR289,4,7347
STAT131,4,1232
ECE527,4,9810
ART189,3,3025
ART361,2,7536
STAT102,2,5793
PHYS326,2,2774
MUS295,2,51
STAT167,3,6128
ECON694,3,4068
MUS242,3,6210
ECON561,4,6590
ENG507,2,2527
MATH383,4,8228
BIO568,2,9713
ASTR231,4,3369
PSY117,4,6313
ECE307,3,1525
MATH627,4,7496
MUS612,2,1361
CHEM611,3,1888
CSCE372,4,8926
HIST376,3,8910
HIST145,3,1825
MUS341,3,1225
BIO685,3,9865
ECON579,2,5315
ECON114,2,5132
MATH444,3,7637
MUS456,4,952
ENG413,3,8871
MATH328,3,6065
HIST243,4,6091
ASTR530,4,9126
HIST276,2,6765
MUS697,4,1621
ECON195,2,7279
MATH246,2,6085
CHEM526,2,9213
BIO294,4,743
MATH130,2,3662
PHIL338,3,4307
STAT549,2,9741
MATH342,2,1847
CHEM631,3,7742
HIST294,3,6800
PHYS178,3,3267
ART266,4,7952
ART158,3,9972
BIO288,2,38
ENG601,4,8639
CHEM201,4,642
ECON296,3,1090
MUS581,3,8791
PHYS656,2,7240
ASTR233,4,4389
MUS425,3,86
MUS384,2,9211
MUS426,4,5089
STAT291,3,9995
ECON150,4,5189
CSCE400,4,5038
ECE441,3,6959
MATH596,4,9018
PHIL413,4,6901
MATH454,2,6426
PHYS357,4,9788
PHIL514,3,8860
MATH679,2,3884
HIST653,2,5222
BIO602,2,8122
ENG192,2,5103
CSCE597,2,5129
ECON210,4,3307
PHYS252,2,2638
ECE255,3,3454
ECE498,3,7822
CHEM374,3,2263
MUS129,4,4587
PHYS174,3,3850
PHIL579,3,1164
ENG320,2,8144
BIO548,2,3924
ASTR150,3,257
HIST515,2,7584
BIO495,2,6059
HIST501,2,4911
HIST550,2,3968
MATH392,2,5799
ECON416,4,3458
BIO468,3,8960
ASTR462,3,2657
CSCE298,2,3820
PSY255,2,6846
CHEM199,2,4970
CSCE149,4,551
STAT325,4,2198
MATH625,4,6385
PHYS202,2,6179
BIO161,2,3205
HIST421,3,3872
BIO250,2,6427
PHYS482,4,6108
MUS596,4,7425
PSY251,4,6727
STAT397,2,9333
ASTR432,3,1805
HIST432,3,3733
ECE530,2,8048
PSY274,4,3774
MUS541,2,7365
MATH296,4,9083
CHEM647,3,2576
ASTR553,3,6330
ECON291,2,4186
MUS371,2,8787
MUS430,2,8484
HIST440,3,8859
PHYS150,3,6911
ECE455,3,2892
PSY670,3,2612
ENG384,3,5573
ENG135,3,5998
CHEM188,2,533
ENG317,2,8944
MATH310,4,2137
ASTR448,4,830
MUS490,3,3938
CHEM400,3,8797
MUS451,4,590
PHIL345,3,8911
ECON549,2,4401
HIST415,3,4037
PHIL371,2,730
ASTR322,2,2596
CHEM204,4,4636
ECE552,4,2289
BIO434,4,6586
MUS661,2,9487
PSY501,2,868
MUS501,3,8112
PSY649,2,1903
ART498,4,4278
BIO671,2,6438
BIO614,2,5051
PHIL354,2,5056
MATH159,3,2986
PHYS358,4,7
ECE341,2,2272
PHYS607,3,8781
STAT313,4,8744
MUS622,3,7265
HIST312,4,2389
MATH189,3,6435
ASTR550,4,6859
ASTR276,2,8799
ECON605,2,4525
PSY355,4,7941
MATH307,2,6509
ECE602,2,2236
MATH119,3,4213
MATH483,4,2223
ECE449,4,2938
ASTR131,4,6745
BIO423,3,1775
CSCE689,2,8142
STAT269,2,3554
PHIL369,2,2860
PSY356,2,4185
PHYS391,2,5245
CHEM479,2,7308
MUS344,4,8036
ASTR327,4,195
ART581,4,6187
ENG292,4,467
CSCE512,2,3792
MUS623,3,5652
ECE347,4,133
ART137,3,8718
CSCE643,4,9590
HIST668,2,837
ART626,2,4292
BIO254,3,8868
CSCE491,3,8042
PHYS595,2,5537
ENG644,4,453
ECON425,2,1172
BIO239,4,973
ECE475,3,4745
ECE633,3,6628
BIO564,4,4862
PHIL352,2,3002
MUS159,2,4906
ECE240,4,8000
STAT213,4,2616
ASTR343,2,9439
HIST657,4,2998
ECON575,2,9777
ECON319,2,9597
CSCE132,3,3841
ECON354,2,9247
STAT254,4,3289
ART391,4,1936
PSY122,4,5881
ECON414,2,7622
ART241,3,803
PHIL647,4,5347
PSY632,3,2184
ECON221,2,5963
CHEM406,3,7140
STAT590,2,189
PSY541,3,1848
ASTR630,4,7686
STAT421,2,7127
STAT165,3,9156
MATH581,2,5421
PHYS566,4,54
CSCE607,3,4493
ENG410,2,41
MATH325,2,564
CHEM434,3,2347
ECON214,3,1930
PHIL272,2,3358
ECON563,2,2034
CSCE422,3,3121
MATH649,3,8213
ASTR650,4,8360
PHIL240,4,229
STAT190,2,3708
PHYS602,2,4128
MATH653,3,9307
ECE479,4,930
CSCE233,3,5266
MATH406,3,3929
ECON227,3,6909
ECON352,3,6579
MATH213,3,479
HIST199,2,2187
PSY342,2,4158
PHIL615,2,9908
MUS140,2,4381
PHYS454,2,9382
CSCE345,4,7980
PSY320,4,8795
CSCE108,4,5648
PSY568,4,7063
MUS250,2,6610
MUS653,2,9168
PSY669,2,7755
HIST222,2,5558
MATH599,3,4175
ENG355,3,4497
CHEM569,3,4473
STAT639,4,1128
CHEM546,3,6822
PSY250,3,4737
PSY394,2,5380
BIO493,4,5809
PHYS403,4,3399
BIO416,2,1269
PHYS628,3,810
STAT531,3,3799
CSCE462,4,7714
ASTR344,4,5009
CHEM684,2,3193
PHIL286,2,7478
CSCE613,4,5346
MUS388,4,7704
PHYS285,4,1156
CHEM607,2,4347
MATH694,4,5269
ASTR333,4,2258
BIO201,3,2219
BIO433,4,9270
ECON132,2,5476
ART387,3,5206
ECE627,3,8503
ECE217,4,5651
PSY354,4,2044
MATH346,2,9909
PHYS305,2,1234
MATH244,2,53
CHEM394,3,9035
ART172,4,8182
STAT481,4,5184
MATH526,2,2766
MATH512,3,2735
MATH178,2,7179
MUS677,3,4401
ECON535,3,8493
ECE138,3,6314
ECE592,2,5652
CHEM273,3,5194
CSCE315,2,653
MUS289,3,9621
HIST659,3,8023
ASTR430,2,9405
MUS512,3,3026
ART428,2,8262
ECE202,3,7393
ECON657,3,3766
STAT201,4,3865
HIST682,3,1770
MATH693,2,556
MUS569,4,4093
BIO661,2,831
MATH116,3,7641
STAT663,3,8811
PHIL205,3,6094
ECON131,3,66
HIST486,4,4589
MATH180,3,8837
PHIL515,4,7464
STAT212,4,3442
ART476,2,9746
CHEM103,3,6883
PHYS421,2,7666
BIO638,2,3976
BIO645,3,5425
ECE508,3,8721
BIO232,4,2443
PHIL567,2,3021
MATH100,4,5808
ART166,2,4771
ECE153,2,8249
MATH204,3,8272
ASTR696,3,2436
STAT301,2,1450
CSCE159,4,3738
PSY698,4,1775
PSY237,4,4154
CHEM107,2,3569
BIO666,4,8593
HIST654,2,1843
STAT366,3,767
ECON167,2,2606
ENG603,4,2581
MATH569,2,5620
ART559,4,7967
MUS532,2,8590
PHIL604,2,1070
MUS182,3,8667
PHIL655,4,4545
CHEM311,4,4496
CHEM300,2,4405
BIO179,4,1701
PHYS485,4,2169
CSCE292,4,787
ECE696,4,3870
PHYS221,3,7294
CSCE260,4,2464
MUS593,3,2902
ASTR463,4,4855
ENG590,4,932
ECE404,3,981
BIO691,2,6828
ECON590,4,9460
ART212,4,6754
MATH218,2,1858
PHYS536,4,3113
PHIL196,3,4959
ECE678,3,7699
ECON596,2,6757
PHIL608,2,5433
ENG400,2,5967
ECON443,4,7519
BIO680,2,8908
CSCE275,3,9073
MUS243,4,9097
PHYS395,4,1404
MATH286,4,5787
ECON243,3,8991
CSCE121,4,278
PHYS373,2,182
BIO238,4,1503
HIST691,2,3558
STAT111,3,1112
PSY166,2,7216
CHEM575,2,3033
PHIL543,4,5095
ASTR149,4,40
PHIL276,4,2184
ART493,3,7502
CSCE647,3,5865
ART124,4,1900
MUS251,4,856
HIST212,4,9418
ECE269,4,1551
ENG515,3,1371
BIO290,2,8422
MATH448,3,3470
HIST554,4,3215
BIO497,4,8028
HIST281,4,1430
ECON490,3,8321
CHEM226,3,6217
MUS208,2,804
PSY606,2,3278
CSCE242,4,9354
ECE563,3,6619
ECON197,2,3252
HIST455,3,9111
STAT104,4,4626
MATH607,4,6553
HIST569,4,5502
PHYS147,4,5394
STAT593,4,4321
ECON489,2,4399
STAT251,4,1422
PSY156,2,9900
HIST683,3,6503
ART583,2,1255
PHIL200,3,506
BIO377,3,7686
PSY474,4,4176
MUS444,3,1990
MUS216,2,8396
HIST615,4,6612
BIO565,4,1398
ART487,3,965
ECON593,2,3226
ECON158,2,5758
BIO664,3,5996
MUS542,3,9193
MUS558,3,1185
ART640,4,9823
MUS324,3,2823
CSCE129,2,963
ART262,3,7718
PHYS348,3,4292
ENG688,4,6347
MUS656,4,7175
ECE244,2,957
ART155,4,1578
MUS466,3,5676
CHEM285,4,5886
MATH574,2,2634
ECE679,3,5813
ENG482,3,207
ENG286,3,7382
HIST382,4,4610
ENG665,4,9294
PSY627,2,7102
PHYS309,4,2426
PHYS204,4,156
MUS659,2,3219
PHYS390,3,9243
BIO336,3,5185
ECE313,2,8855
PHYS424,4,6021
HIST527,2,3926
MATH615,3,4217
CHEM157,2,5428
ASTR598,4,947
ECON297,4,5760
ECON152,3,4994
ART123,4,9010
PHYS592,4,2612
ECE499,3,7683
ENG417,4,5152
ENG476,3,1160
MUS487,3,510
PSY447,4,3919
MATH181,2,4584
PHYS546,2,9616
ART697,4,6123
BIO147,2,4274
CSCE335,2,5593
PSY442,4,8224
ECE414,2,2311
ECON135,3,5302
HIST656,3,8073
BIO296,2,6344
ASTR154,3,1968
MATH695,2,8218
PSY270,2,7666
ECON298,3,6724
ENG648,3,4055
ECON148,4,6195
MATH351,2,9946
PHYS638,3,8626
CHEM440,3,5723
STAT512,3,2896
HIST126,2,9773
ASTR402,2,9301
PSY570,4,6534
BIO618,4,2579
STAT550,4,3998
MUS441,4,5388
ECE666,3,5550
ART165,4,4535
PSY510,3,9378
CSCE618,2,3490
ECON450,3,7034
PHIL365,3,2319
MUS290,3,7890
ENG166,4,8680
HIST558,3,2662
PSY253,2,9722
ECON156,4,7102
PSY111,3,5830
ENG632,4,509
PHYS493,3,8199
PSY376,2,2059
PHYS206,4,5650
CHEM123,4,3249
PSY613,2,8550
MUS322,3,9672
PSY362,3,5983
ENG445,3,8551
HIST135,4,2350
ART264,3,9859
PSY672,2,1870
CHEM198,4,1243
CSCE386,3,9073
BIO591,2,2392
CSCE694,3,9599
ENG251,3,7676
ASTR503,3,6106
ECON456,2,821
STAT197,3,1716
MUS349,4,8956
ART131,3,1308
CHEM448,3,9823
PHYS263,4,9980
MATH626,4,5701
HIST375,3,6084
CSCE334,3,8438
ENG635,2,8753
BIO673,3,2618
ECE219,3,7755
ECON292,2,2611
PSY391,2,8486
CSCE543,4,9903
PHIL206,3,9784
CSCE440,3,4727
ENG597,4,1867
MATH368,3,6220
CHEM342,4,8564
ART598,4,8334
MATH128,2,8529
MUS336,4,8070
ECE194,3,3533
PHIL373,2,6901
PSY641,4,4252
CHEM168,2,2118
MUS178,2,5604
ENG540,3,5885
PHYS224,4,8227
CHEM315,3,3790
ECE210,4,6018
ECON136,4,9782
MATH122,2,4891
MUS363,2,5443
ECE629,4,8714
STAT493,4,4042
MUS515,4,7474
BIO252,2,3610
MUS603,4,719
PSY588,3,539
ART253,3,9523
MATH285,2,3394
ART184,2,6347
ART508,3,2164
MATH175,2,5992
ECON518,2,3687
CHEM560,3,1589
ASTR307,4,7519
CSCE505,3,947
MATH522,3,1323
ECON687,2,2442
CSCE349,4,5656
HIST412,3,1160
MATH152,2,2769
BIO652,3,8532
ECE165,4,2218
ASTR206,2,2365
ASTR683,3,6649
MATH137,4,9215
STAT556,3,3453
PHIL529,3,1141
PHYS331,3,9315
PHIL263,4,6266
PHIL483,3,8524
PHIL358,3,2597
MUS498,3,3448
PHYS646,3,8576
BIO417,4,4002
STAT275,3,4423
ART610,2,1822
MATH595,2,2612
STAT363,3,5718
ART246,3,6691
CSCE332,2,8318
CHEM384,3,3235
PHYS384,3,614
STAT426,4,8740
BIO363,2,744
MATH600,4,1565
ENG442,4,5576
HIST277,2,6098
PSY481,2,106
MUS294,4,1533
CHEM437,2,2227
PSY233,3,4073
PHIL472,4,3059
MATH452,2,7327
BIO443,3,7891
CSCE553,2,1477
ECON374,2,3067
ART589,4,8816
ENG640,4,898
ENG423,3,3550
PSY454,2,6261
ENG258,2,9673
PSY607,2,5981
PHIL464,2,1043
BIO158,2,8830
ECON661,2,2071
HIST526,2,8668
PHIL334,3,9737
BIO304,2,8702
ECE559,3,9624
ECE280,3,215
ECON216,3,2872
ECON178,4,6134
ECON279,3,4580
BIO510,4,6062
MUS107,2,2880
PHYS317,3,8764
PHYS474,4,5061
MUS352,2,941
PHYS171,3,3314
CHEM104,4,5231
ECE676,3,7026
ASTR610,2,1574
ENG174,2,5575
HIST544,2,9443
PHIL324,4,9485
ART694,4,8461
HIST180,3,4022
ASTR288,4,6473
BIO631,3,6704
CSCE668,2,5344
PSY389,2,8364
HIST195,2,2588
ENG430,2,5205
ART362,2,4512
ENG266,3,4133
CHEM433,2,568
PSY332,3,8726
HIST430,4,2297
ART457,4,2941
MATH420,2,7116
ART588,2,3483
ART142,4,1678
ASTR272,2,8056
PSY415,2,5896
MATH340,4,1375
ENG639,4,1365
ECON209,2,3239
ENG468,4,2958
ART339,2,9846
PHIL597,4,100
HIST372,3,4094
PHYS461,4,1679
CHEM119,3,4135
STAT241,3,8113
CSCE620,4,9016
ENG371,3,8410
ECE613,2,4209
CHEM654,2,7328
ENG316,4,6410
CSCE163,3,7774
MUS663,3,6014
MUS347,3,2404
BIO103,4,5676
CSCE222,2,2374
MUS252,4,1566
CSCE690,4,1083
HIST535,2,7465
PHYS380,3,8616
ASTR222,3,9011
STAT658,4,6002
HIST390,3,5249
ECON353,2,8954
ART593,4,2587
ECE387,3,5486
PHIL684,2,6791
ECE476,3,1706
MATH299,4,7060
PHYS430,2,756
ASTR407,2,2
CSCE285,3,4652
ECON428,4,4033
MATH230,3,5753
ECON175,2,8755
PHIL203,2,4089
CSCE226,3,3582
ART412,4,8037
MUS152,3,3910
PHYS126,3,3503
CHEM637,3,8571
HIST490,2,8265
CHEM576,4,6959
PSY595,4,2808
STAT599,2,8457
ENG386,3,4016
ECON555,3,3445
PSY527,2,4097
ECE258,2,1840
ECE496,3,7620
ENG277,2,5106
ASTR419,4,5376
CSCE176,4,851
ECON200,2,1737
ART273,2,6509
ART505,2,8606
ENG267,2,6952
ECE385,4,342
ART529,4,2778
STAT667,3,103
BIO301,3,1097
PHYS411,3,2976
ECON594,4,6893
STAT417,2,4001
MATH327,2,1743
ECON544,2,4031
HIST473,3,8540
PHYS279,4,6446
MUS161,4,9707
PHYS557,4,313
MUS574,2,4286
STAT101,2,5134
PSY530,3,90
MATH631,4,9527
ENG333,3,8866
ENG359,2,1157
ECE477,4,6547
PHYS542,4,8917
PSY468,3,8528
ASTR668,2,3589
HIST573,4,7471
CHEM670,2,3993
CSCE411,3,7558
ECON315,4,8872
ART492,2,2437
HIST207,2,5647
PHIL480,3,8788
CSCE256,2,7150
ECON583,4,9333
ECE683,2,7814
PSY384,4,6608
STAT647,2,6005
MATH361,2,2204
MUS201,4,8944
MUS205,4,9079
ECE172,2,2728
HIST151,4,9591
BIO663,4,5136
MATH458,3,2098
STAT664,3,4078
ASTR336,3,425
ECE671,3,8395
PHYS176,2,4460
ENG655,2,6473
CHEM698,4,9694
STAT498,3,3670
BIO458,4,4863
HIST288,4,2485
BIO213,4,5802
HIST507,2,7692
PHIL313,4,7543
STAT574,4,46
ASTR144,3,385
ECON206,4,2513
ECON677,4,8020
STAT331,2,2289
ECON316,2,6497
ECON105,4,3084
CSCE473,4,3457
PHIL319,2,2599
PHIL328,3,7793
BIO362,4,8561
CHEM617,3,1808
MATH267,4,3443
ECE473,3,467
ECON478,2,4875
ASTR181,2,5747
PSY143,2,2026
ART677,4,9971
MUS338,3,5326
ECON344,3,3613
MUS687,3,2822
ART480,4,3716
MUS635,3,3193
ECON469,2,4307
ASTR580,4,2682
PHIL159,3,9699
ART216,4,7754
ENG464,4,6070
ART490,2,6851
ENG415,2,7709
ART245,4,6281
CHEM594,3,8527
HIST362,4,1771
PSY314,2,3224
ENG383,2,7159
ECON163,4,6070
CSCE280,3,8996
MATH165,3,2263
PHYS258,4,2042
CSCE273,4,7943
HIST518,4,2310
ENG360,3,2913
ECE132,2,10
PSY551,3,4074
HIST153,4,836
MATH432,4,9338
PHYS271,3,5703
ENG673,3,4637
ECON402,2,8819
CSCE367,4,6944
MATH465,2,5832
PSY105,4,2612
HIST228,3,6150
MUS246,3,5968
ASTR204,2,4497
PHYS105,2,2044
ECE658,3,7307
HIST418,2,1340
ASTR528,2,6186
STAT305,3,7890
MUS460,4,5028
MUS636,4,2528
PHIL636,2,3210
CHEM529,3,9139
PHIL188,3,3216
HIST661,3,8414
ECE164,3,6168
ART635,4,7867
ECE612,3,8939
PSY574,4,8581
ASTR378,4,5118
PHYS413,3,8378
CSCE548,3,9937
ASTR101,3,6676
BIO144,2,5260
ART550,2,8444
CSCE687,4,7326
PHIL481,4,2149
CHEM348,4,3815
ECE351,4,8909
STAT373,4,9617
CHEM429,3,3352
ART465,4,5861
PSY155,4,8637
MATH651,3,7038
ART573,2,540
MUS682,4,8265
STAT223,4,9068
PHYS110,4,1288
MUS672,4,1649
HIST437,4,6121
ENG111,2,3359
MATH659,2,5220
CSCE290,4,8119
PHIL498,4,6414
CSCE265,3,1162
BIO621,2,5916
ASTR644,3,1744
MATH333,3,4320
ECE422,2,3033
HIST664,4,6192
HIST192,3,7246
BIO391,4,1040
ASTR298,3,772
ASTR529,2,2725
STAT588,4,5236
ASTR194,2,1740
ASTR492,3,6934
PSY429,4,705
CSCE691,4,8467
HIST340,3,7853
ENG283,3,3904
ECE625,3,2667
ECON146,3,5301
ECON431,2,9054
ART536,2,2661
STAT477,3,7301
ASTR591,2,3619
MATH415,2,3887
ECE393,3,4276
ENG451,4,7425
HIST649,4,1643
ASTR457,2,4427
STAT497,4,1909
ENG615,4,4302
ECON139,4,7294
CSCE122,4,719
BIO476,2,224
ECON256,4,9559
CSCE323,3,90
CSCE240,2,9889
CSCE373,4,5892
PSY581,4,2976
ECE578,3,4951
PSY292,2,9307
MATH535,3,6467
ASTR183,3,6954
CSCE342,3,9124
ART673,2,2376
ECE560,2,6051
ECON464,3,8179
PSY134,2,5879
PHYS218,3,15
PHYS594,4,5871
BIO594,2,1320
CSCE116,2,3117
PHYS169,3,8169
CHEM325,3,7909
MUS130,3,2122
CSCE573,2,8782
CSCE504,3,9993
CHEM196,3,4854
MATH399,4,1142
PHYS500,4,4042
ENG438,2,1219
PHIL637,4,5864
CHEM227,3,3630
MUS606,3,1869
CSCE479,4,5189
ASTR320,4,5472
PSY333,4,7605
ECE294,2,9260
HIST509,4,2183
HIST630,3,9170
BIO121,4,5850
ASTR196,2,9244
PHYS399,3,4732
MUS302,3,622
STAT539,2,3243
HIST220,2,1168
CHEM456,2,8630
ASTR534,4,8376
ART109,2,3075
BIO632,4,6706
STAT483,2,4065
MATH460,2,1292
ENG191,2,6264
ECE699,2,1093
MUS468,3,2397
MATH304,3,2023
MATH633,4,3360
ECON172,3,3969
MUS381,4,2019
MATH221,2,2363
PSY491,4,2759
ART393,2,8278
PHIL131,3,6837
PHIL503,2,3895
BIO361,4,4985
BIO267,3,1812
ECE320,4,4061
PHYS101,2,5704
CSCE592,3,3112
ART119,3,3985
ECON646,4,4635
ECON323,3,6462
CSCE539,4,9764
STAT480,2,6378
PHIL216,3,1039
CHEM142,3,5371
MATH224,3,8068
ENG261,2,4063
ECON229,2,1448
HIST255,3,3798
CSCE181,3,9000
ASTR510,3,1096
ECE229,4,8140
ASTR588,4,7386
BIO277,4,7774
ASTR271,4,1540
ART127,2,7978
MUS402,3,2122
MUS450,2,6869
ASTR453,3,6059
PHYS121,3,7884
BIO535,2,7248
ART380,4,2468
ASTR124,2,8948
MUS673,2,993
ASTR235,3,3727
MUS484,2,7615
CSCE311,4,259
CHEM238,4,9878
MATH638,3,4434
PHIL243,3,1625
PHYS437,4,4869
PHIL378,4,7236
MUS383,2,7096
HIST165,2,5128
PSY293,2,2010
ENG339,2,6830
BIO651,3,1039
PHYS229,2,1419
PHIL519,2,7920
ART497,3,185
PHIL692,3,8253
PSY340,2,4593
PHYS208,3,5396
ASTR255,3,5753
ART274,3,3566
CHEM240,2,1087
ENG120,3,4182
CHEM398,2,6504
CHEM388,2,9066
BIO302,4,4358
BIO678,3,9887
MUS396,4,4808
BIO209,4,9530
PHYS325,4,9182
ECON118,2,7929
ENG577,2,8490
PHIL109,2,3473
BIO371,4,2388
MUS679,3,7840
CSCE353,2,9205
ECE597,2,5523
HIST438,4,9201
MUS495,4,2892
PHYS534,2,735
ART133,2,5246
PHIL170,4,6353
ART427,3,8846
ART575,4,5446
CSCE623,4,5428
ECE436,4,9178
PHIL213,4,1675
ECON179,4,852
CSCE361,4,3374
PHIL331,3,6738
STAT379,2,9904
CSCE459,3,1081
PHYS597,2,1822
ECON306,2,8611
ECE582,2,6107
HIST625,2,8390
STAT644,4,9357
MATH391,4,82
PHYS198,2,8484
ENG116,3,7068
CHEM258,3,8007
PSY674,2,3370
BIO515,2,9170
ENG404,3,5476
ART277,3,2336
PHIL434,4,864
CHEM217,2,8346
ENG478,3,1422
HIST158,4,9030
ENG450,4,1688
ENG299,3,9537
CHEM428,3,3049
PSY572,2,6435
MATH358,3,2283
PSY123,3,5775
STAT694,2,8284
ART375,4,3005
CSCE303,4,4183
MATH548,2,178
MATH223,3,8606
STAT660,4,4701
PHIL399,4,7669
ART663,3,7788
ASTR466,4,6062
HIST586,2,6508
CSCE228,2,7625
HIST242,3,3962
CHEM492,4,7580
ART579,3,4440
ART125,4,1688
PHYS145,3,2344
MUS339,4,3069
ASTR170,4,4214
ENG381,2,6052
ECE225,2,2965
MATH117,3,6007
BIO165,4,4601
BIO325,4,8852
BIO682,3,3879
ECE321,4,9673
MUS510,4,1558
CHEM396,3,2036
ECE180,4,7505
BIO339,2,7641
ENG696,3,9462
PSY509,2,8891
BIO150,4,4028
ART448,2,4036
BIO125,4,5895
CHEM622,3,2008
MUS100,2,4260
PHIL558,3,5151
PHYS548,3,5931
ECON551,2,8444
HIST102,3,7682
PHYS228,4,5156
STAT377,3,1862
PSY109,3,6042
PHYS268,4,8912
PSY220,4,2618
ASTR621,2,9011
CSCE678,4,3034
MUS478,3,2531
CHEM473,2,8751
PSY443,2,638
ASTR232,3,4468
CHEM281,2,5022
ASTR384,2,663
CSCE236,3,2843
CSCE277,4,8111
CSCE515,4,3888
ENG605,4,6313
CHEM419,4,5869
HIST572,4,2277
PHYS554,2,5011
HIST197,2,8810
STAT458,3,1243
ART354,3,871
STAT137,2,9132
PHIL168,4,4348
ECON697,4,7888
ECE691,4,7502
ART255,3,7909
ECE413,2,3818
MATH188,3,6134
ART473,4,6443
ECON674,3,723
CSCE229,3,6041
ART276,4,8587
PHIL628,3,5581
ART290,3,2743
ENG436,3,6604
STAT121,4,2933
PHYS344,3,9668
PHIL600,4,252
ART171,2,2751
MUS318,4,5844
PHYS641,2,4425
ART606,3,390
PHIL195,2,5942
MATH499,4,8797
BIO303,2,6446
PHYS257,3,5418
ECON643,3,2791
ENG633,4,2111
ASTR446,3,7948
PHYS259,3,1865
CHEM536,2,2378
ASTR365,2,7103
STAT611,3,3757
ECE235,4,3905
ASTR476,4,4205
CSCE448,3,2467
CSCE106,4,6483
MUS114,4,3989
ECE463,4,432
MUS497,3,4711
PHIL315,3,7775
MUS695,2,1328
STAT676,4,4368
PHIL610,4,5658
ART440,2,849
ECON224,3,8105
CSCE428,4,2527
STAT636,2,5584
MATH129,3,5066
BIO490,4,577
ASTR313,3,74
MATH503,4,110
PHIL133,2,5715
ECON537,2,974
PSY173,3,3073
MATH629,4,4216
HIST219,3,8682
ECON438,2,91
ASTR292,2,8667
PHIL459,4,1043
PSY513,3,545
ECE315,2,3237
MATH441,3,8108
ASTR345,4,9890
ECON592,3,9071
PHYS299,4,4202
ENG550,2,3770
ECON607,4,1685
MATH696,2,5812
HIST181,2,3782
MATH396,2,1797
ECE647,2,3700
ECON365,3,7013
BIO331,3,9492
CSCE666,3,4573
ART494,3,1457
PSY652,3,448
CHEM659,3,9819
MUS266,4,8210
STAT595,3,5379
ECON420,2,4524
PSY121,4,7566
ECE523,4,7437
ENG326,4,7061
PHIL368,2,1371
MATH618,2,2334
ENG526,4,9983
PSY317,2,5058
ASTR240,4,4136
ART222,2,7176
ECE342,2,234
STAT568,4,1913
ECE585,4,1504
HIST184,4,8908
HIST270,2,6768
MUS580,4,330
ENG432,4,2582
HIST420,3,9105
ASTR604,3,8703
ECE281,4,9243
ASTR142,3,9537
PHYS343,2,3626
PSY695,2,9816
ASTR626,4,2618
CSCE608,2,946
PHYS274,3,179
BIO113,2,634
STAT250,2,9925
PSY371,3,7744
ECON329,3,5258
CHEM154,4,3889
BIO317,4,576
CSCE166,3,432
ASTR601,3,4017
ART688,4,4200
CHEM516,2,1650
BIO635,3,7562
ASTR632,3,8709
HIST251,4,366
MUS188,4,3915
STAT408,4,941
HIST208,2,1635
PHYS642,3,5317
ECON557,4,7402
ECON166,2,1442
CHEM379,4,3998
CSCE105,2,6299
PSY559,3,9994
PHYS138,2,9473
MATH101,3,1972
ENG361,2,2099
PHYS161,3,7696
ASTR614,2,1662
PHIL101,4,1048
ASTR211,3,2045
PSY435,3,710
ENG240,3,6167
ASTR404,2,2048
ENG273,3,3435
HIST303,4,8410
ECON169,4,2980
ECE481,2,2864
PHIL606,2,3650
BIO120,3,4408
CSCE333,2,8507
ENG634,2,5285
MUS304,2,7139
ART243,4,9203
CHEM160,4,2274
PHIL339,2,5052
ASTR121,3,241
HIST269,3,7796
MUS270,2,8052
ENG509,2,7196
CSCE289,4,8176
ART384,3,1755
HIST284,2,2964
HIST175,3,8062
ART292,4,5927
PHYS524,3,7472
ASTR514,3,771
STAT371,4,2601
ART365,3,937
PHIL534,4,2820
CSCE174,4,1540
BIO582,3,9475
ART106,2,5706
BIO472,3,6950
STAT192,2,7691
PHIL663,4,2607
BIO359,2,1776
PSY486,4,994
CHEM167,2,5083
CHEM689,4,3570
MUS241,2,9617
PSY657,2,7078
MATH547,2,5254
MUS494,3,6282
MATH318,4,2087
CHEM253,2,7649
ECON411,2,8519
ASTR417,4,508
ECON577,3,1280
STAT351,2,4872
ART157,2,2455
ASTR675,3,3885
ASTR132,4,1410
ENG527,2,101
BIO365,3,8657
ENG103,2,8374
ECON199,4,5866
MATH104,4,1992
CSCE196,2,5350
ART280,4,4750
PSY602,2,3802
STAT554,2,4536
MATH473,4,1368
ASTR509,2,1196
STAT545,3,4632
ENG118,2,5212
ENG164,4,1201
HIST161,3,3740
STAT255,4,9898
CSCE634,2,9725
HIST623,2,9946
CHEM476,2,4595
PHIL443,3,5085
HIST541,2,376
ART507,2,2389
STAT427,3,4126
MATH388,2,7499
CSCE371,2,1558
CHEM183,2,4867
ECON432,4,5500
ECON144,2,4073
ART164,2,8612
ENG137,2,1179
CSCE697,2,546
MATH387,4,110
MUS488,2,7678
ASTR442,4,3761
BIO690,2,1174
PHYS151,3,6800
CSCE488,2,4667
ECE398,3,6526
PHIL661,4,4354
CHEM383,2,2139
PHYS162,2,9081
STAT311,2,3612
PHIL379,3,6242
ART408,4,2675
HIST103,3,4421
CHEM673,3,6569
CSCE328,2,7343
CSCE476,2,8688
ART618,4,9637
PHYS590,3,4093
PSY223,4,6088
ENG263,4,8542
CSCE350,2,5140
STAT528,2,7063
PSY599,2,3067
ASTR424,4,7108
MATH593,3,6071
ECE107,3,8814
MATH164,3,6405
MATH521,4,1029
MUS433,2,1425
MUS123,2,8664
ENG387,4,9954
ASTR331,2,9444
CHEM524,3,9078
PSY565,4,6971
ASTR337,2,6788
PHYS152,3,4796
ECE430,2,6665
BIO343,2,220
STAT634,4,6716
HIST467,4,25
PHYS458,3,9001
ECON483,2,898
ASTR657,4,5167
ECON676,3,1900
STAT162,2,2213
MATH315,2,8246
PHIL366,4,2108
ASTR188,4,5238
ENG335,4,9607
PHYS314,2,5640
ASTR665,2,9396
ECE482,2,9875
ASTR103,4,4326
ENG414,3,9735
ART591,4,1066
ECON194,3,682
STAT295,2,1823
HIST397,3,1101
HIST332,3,1043
STAT695,2,8444
PSY106,3,2189
BIO330,3,1582
MUS230,4,6057
ECE682,3,107
PHIL232,2,6562
ENG228,3,9449
ENG206,3,1378
BIO268,3,1393
PHYS489,3,1076
ENG350,4,6326
PSY590,4,5463
STAT629,2,4941
PHYS210,3,8394
MATH677,3,9429
ART149,4,5988
CSCE362,3,3111
PHIL509,2,7948
HIST295,2,3891
PHIL292,3,3641
ECON403,2,6650
STAT170,4,8718
MUS210,4,6041
ECON309,3,977
STAT343,3,3325
ART147,2,5815
STAT334,3,9509
MATH669,4,6769
ECON223,4,113
MUS678,3,9339
PSY281,4,8587
MATH136,3,9567
ASTR180,3,1825
PHYS109,3,1401
MATH279,2,8818
PSY433,2,1837
CHEM648,2,1283
STAT141,2,2397
HIST246,4,6432
CSCE262,3,2543
BIO485,2,8823
ECE278,3,825
ECON678,2,4856
ECE228,4,3000
PSY549,4,8025
STAT680,4,2608
ECE271,3,6976
PSY488,2,2584
ECON142,2,3751
PHYS518,4,503
ECON568,3,3036
PSY675,4,2162
PSY540,4,8892
MATH277,3,5171
MUS439,2,7658
BIO374,3,3872
BIO547,3,798
ENG549,4,9826
MATH684,3,4115
PHIL490,3,8445
ECE453,3,7963
ECON401,3,6919
STAT406,4,3956
STAT294,2,5215
CHEM671,3,3688
ASTR260,3,6745
STAT645,2,8050
ART355,2,5
ASTR567,4,8391
CSCE156,2,3404
ART145,3,6082
CHEM327,3,8214
ECON581,3,6183
CSCE457,2,2514
ART634,2,1779
MUS340,3,9682
ECE195,3,5242
STAT604,4,8611
HIST237,2,2903
CHEM345,2,8971
ECON503,2,6990
HIST468,4,8562
ECE688,4,7638
MUS207,3,7023
ASTR437,4,111
BIO444,4,9979
MUS621,3,1966
PHIL578,4,7034
STAT623,2,1939
PSY202,4,4564
MATH220,2,9788
ECE353,3,7792
ECE216,3,5981
ART163,3,9951
ART467,4,1214
PHIL548,4,6909
MATH344,2,47
MATH623,3,8222
MATH553,3,764
MUS220,2,39
PSY119,3,1837
BIO542,4,6924
ASTR394,4,9596
CHEM452,3,1020
ECE570,3,9297
HIST378,2,3931
MUS162,3,1894
HIST268,3,9777
PHYS673,2,6767
MUS329,2,4668
PSY404,2,6284
ART609,3,6228
PSY160,2,1208
CHEM224,4,7858
STAT484,4,8546
CHEM296,3,6552
MUS380,4,766
ASTR673,2,4032
PHIL446,4,3546
PHYS460,2,8147
ASTR259,2,2461
STAT614,3,9973
CSCE291,2,5050
STAT390,4,3048
CSCE446,3,2916
BIO156,3,6275
PHIL596,2,3902
ART322,3,1815
ECON155,4,9059
CHEM329,3,9374
ART639,4,3529
ECON622,3,5735
PSY605,2,5054
MATH678,4,3443
CSCE388,2,2642
MATH424,3,5384
ENG537,2,9505
PHIL474,3,5416
BIO474,2,5410
STAT306,3,5453
PHIL152,2,7409
MUS557,2,2884
ENG346,4,2796
ECON632,4,4462
ENG289,2,1452
CSCE255,2,9933
PHIL694,3,7930
